#
# A fatal error has been detected by the Java Runtime Environment:
#
#  EXCEPTION_ACCESS_VIOLATION (0xc0000005) at pc=0x00007ffad15e2942, pid=39756, tid=25980
#
# JRE version: OpenJDK Runtime Environment Temurin-21.0.6+7 (21.0.6+7) (build 21.0.6+7-LTS)
# Java VM: OpenJDK 64-Bit Server VM Temurin-21.0.6+7 (21.0.6+7-LTS, mixed mode, sharing, tiered, compressed oops, compressed class ptrs, g1 gc, windows-amd64)
# Problematic frame:
# C  [zip.dll+0x2942]
#
# No core dump will be written. Minidumps are not enabled by default on client versions of Windows
#
# If you would like to submit a bug report, please visit:
#   https://github.com/adoptium/adoptium-support/issues
# The crash happened outside the Java Virtual Machine in native code.
# See problematic frame for where to report the bug.
#

---------------  S U M M A R Y ------------

Command Line: --add-opens=java.base/java.lang=ALL-UNNAMED --add-opens=java.base/java.lang.invoke=ALL-UNNAMED --add-opens=java.base/java.util=ALL-UNNAMED --add-opens=java.prefs/java.util.prefs=ALL-UNNAMED --add-exports=jdk.compiler/com.sun.tools.javac.api=ALL-UNNAMED --add-exports=jdk.compiler/com.sun.tools.javac.util=ALL-UNNAMED --add-opens=java.base/java.nio.charset=ALL-UNNAMED --add-opens=java.base/java.net=ALL-UNNAMED --add-opens=java.base/java.util.concurrent=ALL-UNNAMED --add-opens=java.base/java.util.concurrent.atomic=ALL-UNNAMED --add-opens=java.xml/javax.xml.namespace=ALL-UNNAMED --add-opens=java.base/java.time=ALL-UNNAMED -Xmx2G -Dfile.encoding=UTF-8 -Duser.country=US -Duser.language=en -Duser.variant -javaagent:C:\Users\mason\.gradle\wrapper\dists\gradle-9.7.1-bin\1w1c7tv4s851m17nbqdsro2tv\gradle-9.7.1\lib\agents\gradle-instrumentation-agent-9.7.1.jar org.gradle.launcher.daemon.bootstrap.GradleDaemon 9.7.1

Host: Intel(R) Core(TM) i9-14900HX, 32 cores, 31G,  Windows 11 , 64 bit Build 26100 (10.0.26100.9472)
Time: Wed Sep 16 17:58:15 2026 Eastern Daylight Time elapsed time: 20.073860 seconds (0d 0h 0m 20s)

---------------  T H R E A D  ---------------

Current thread (0x000001c1f4770350):  JavaThread "included builds"        [_thread_in_native, id=25980, stack(0x00000082c1c00000,0x00000082c1d00000) (1024K)]

Stack: [0x00000082c1c00000,0x00000082c1d00000],  sp=0x00000082c1cf8380,  free space=992k
Native frames: (J=compiled Java code, j=interpreted, Vv=VM code, C=native code)
C  [zip.dll+0x2942]

Java frames: (J=compiled Java code, j=interpreted, Vv=VM code)
J 13191  java.util.zip.Deflater.deflateBytesBytes(J[BII[BIIII)J java.base@21.0.6 (0 bytes) @ 0x000001c1d95820db [0x000001c1d9582020+0x00000000000000bb]
J 13500 c2 java.util.zip.Deflater.deflate([BIII)I java.base@21.0.6 (420 bytes) @ 0x000001c1d997e180 [0x000001c1d997dfe0+0x00000000000001a0]
J 13499 c2 org.apache.commons.compress.archivers.zip.StreamCompressor.writeDeflated([BII)V (119 bytes) @ 0x000001c1d997f540 [0x000001c1d997ee60+0x00000000000006e0]
J 14677 c2 org.apache.commons.compress.archivers.zip.ZipArchiveOutputStream.write([BII)V (57 bytes) @ 0x000001c1d9a724b4 [0x000001c1d9a72360+0x0000000000000154]
J 14598 c2 org.apache.commons.io.IOUtils.copyLarge(Ljava/io/InputStream;Ljava/io/OutputStream;[B)J (47 bytes) @ 0x000001c1d9a6ad58 [0x000001c1d9a6ac80+0x00000000000000d8]
J 13215 c1 org.gradle.api.internal.file.AbstractFileTreeElement.copyTo(Ljava/io/OutputStream;)V (35 bytes) @ 0x000001c1d1e612c4 [0x000001c1d1e61040+0x0000000000000284]
J 13340 c1 org.gradle.api.internal.file.copy.DefaultFileCopyDetails.copyTo(Ljava/io/OutputStream;)V (29 bytes) @ 0x000001c1d1be856c [0x000001c1d1be7f00+0x000000000000066c]
J 13375 c1 org.gradle.api.internal.file.archive.ZipCopyAction$StreamAction.visitFile(Lorg/gradle/api/file/FileCopyDetails;)V (109 bytes) @ 0x000001c1d1dddfd4 [0x000001c1d1ddd3a0+0x0000000000000c34]
J 13325 c1 org.gradle.api.internal.file.archive.ZipCopyAction$StreamAction.processFile(Lorg/gradle/api/internal/file/copy/FileCopyDetailsInternal;)V (23 bytes) @ 0x000001c1d1e341a4 [0x000001c1d1e33fe0+0x00000000000001c4]
J 13244 c1 org.gradle.api.internal.file.copy.NormalizingCopyActionDecorator.lambda$execute$1(Ljava/util/Set;Lcom/google/common/collect/ListMultimap;Lorg/gradle/api/internal/file/CopyActionProcessingStreamAction;Lorg/gradle/api/internal/file/copy/FileCopyDetailsInternal;)V (77 bytes) @ 0x000001c1d1b4f3f4 [0x000001c1d1b4ed60+0x0000000000000694]
J 13243 c1 org.gradle.api.internal.file.copy.NormalizingCopyActionDecorator$$Lambda+0x000001c181b83308.processFile(Lorg/gradle/api/internal/file/copy/FileCopyDetailsInternal;)V (21 bytes) @ 0x000001c1d253b8dc [0x000001c1d253b840+0x000000000000009c]
J 13245 c1 org.gradle.api.internal.file.copy.DuplicateHandlingCopyActionDecorator.lambda$execute$1(Ljava/util/Map;Lorg/gradle/api/internal/file/CopyActionProcessingStreamAction;Lorg/gradle/api/internal/file/copy/FileCopyDetailsInternal;)V (191 bytes) @ 0x000001c1d1a6e0b4 [0x000001c1d1a6c6a0+0x0000000000001a14]
J 12993 c1 org.gradle.api.internal.file.copy.DuplicateHandlingCopyActionDecorator$$Lambda+0x000001c181b83520.processFile(Lorg/gradle/api/internal/file/copy/FileCopyDetailsInternal;)V (17 bytes) @ 0x000001c1d1ba04dc [0x000001c1d1ba0440+0x000000000000009c]
J 13210 c1 org.gradle.api.internal.file.copy.CopyFileVisitorImpl.processFile(Lorg/gradle/api/file/FileVisitDetails;)V (71 bytes) @ 0x000001c1d1f8bbec [0x000001c1d1f8b4e0+0x000000000000070c]
J 13209 c1 org.gradle.api.internal.file.copy.CopyFileVisitorImpl.visitFile(Lorg/gradle/api/file/FileVisitDetails;)V (6 bytes) @ 0x000001c1d19fefbc [0x000001c1d19fef40+0x000000000000007c]
j  org.gradle.api.internal.file.collections.DirectoryFileTree.processSingleFile(Ljava/io/File;Lorg/gradle/api/file/FileVisitor;Lorg/gradle/api/specs/Spec;Ljava/util/concurrent/atomic/AtomicBoolean;)V+50
j  org.gradle.api.internal.file.collections.DirectoryFileTree.visitFrom(Lorg/gradle/api/file/FileVisitor;Ljava/io/File;Lorg/gradle/api/file/RelativePath;Ljava/util/concurrent/atomic/AtomicBoolean;)V+30
j  org.gradle.api.internal.file.collections.DirectoryFileTree.visit(Lorg/gradle/api/file/FileVisitor;)V+16
j  org.gradle.api.internal.file.collections.FileTreeAdapter.visit(Lorg/gradle/api/file/FileVisitor;)Lorg/gradle/api/file/FileTree;+5
j  org.gradle.api.internal.file.CompositeFileTree.visit(Lorg/gradle/api/file/FileVisitor;)Lorg/gradle/api/file/FileTree;+31
j  org.gradle.api.internal.file.copy.CopySpecActionImpl.execute(Lorg/gradle/api/internal/file/copy/CopySpecResolver;)V+36
j  org.gradle.api.internal.file.copy.CopySpecActionImpl.execute(Ljava/lang/Object;)V+5
j  org.gradle.api.internal.file.copy.DefaultCopySpec$DefaultCopySpecResolver.walk(Lorg/gradle/api/Action;)V+2
j  org.gradle.api.internal.file.copy.DefaultCopySpec$DefaultCopySpecResolver.walk(Lorg/gradle/api/Action;)V+47
j  org.gradle.api.internal.file.copy.DefaultCopySpec$DefaultCopySpecResolver.walk(Lorg/gradle/api/Action;)V+47
j  org.gradle.api.internal.file.copy.DefaultCopySpec$DefaultCopySpecResolver.walk(Lorg/gradle/api/Action;)V+47
j  org.gradle.api.internal.file.copy.DefaultCopySpec$DefaultCopySpecResolver.walk(Lorg/gradle/api/Action;)V+47
j  org.gradle.api.internal.file.copy.DefaultCopySpec$DefaultCopySpecResolver.walk(Lorg/gradle/api/Action;)V+47
j  org.gradle.api.internal.file.copy.DefaultCopySpec.walk(Lorg/gradle/api/Action;)V+5
j  org.gradle.api.internal.file.copy.CopySpecBackedCopyActionProcessingStream.process(Lorg/gradle/api/internal/file/CopyActionProcessingStreamAction;)V+28
j  org.gradle.api.internal.file.copy.DuplicateHandlingCopyActionDecorator.lambda$execute$0(Lorg/gradle/api/internal/file/copy/CopyActionProcessingStream;Ljava/util/Map;Lorg/gradle/api/internal/file/CopyActionProcessingStreamAction;)V+9
j  org.gradle.api.internal.file.copy.DuplicateHandlingCopyActionDecorator$$Lambda+0x000001c181b82cb8.process(Lorg/gradle/api/internal/file/CopyActionProcessingStreamAction;)V+13
j  org.gradle.api.internal.file.copy.NormalizingCopyActionDecorator.lambda$execute$0(Lorg/gradle/api/internal/file/copy/CopyActionProcessingStream;Ljava/util/Set;Lcom/google/common/collect/ListMultimap;Lorg/gradle/api/internal/file/CopyActionProcessingStreamAction;)V+11
j  org.gradle.api.internal.file.copy.NormalizingCopyActionDecorator$$Lambda+0x000001c181b82ed0.process(Lorg/gradle/api/internal/file/CopyActionProcessingStreamAction;)V+17
j  org.gradle.api.internal.file.archive.ZipCopyAction.lambda$execute$0(Lorg/gradle/api/internal/file/copy/CopyActionProcessingStream;Lorg/apache/commons/compress/archivers/zip/ZipArchiveOutputStream;)V+14
j  org.gradle.api.internal.file.archive.ZipCopyAction$$Lambda+0x000001c181b8e7e0.execute(Ljava/lang/Object;)V+12
j  org.gradle.internal.IoActions.withResource(Ljava/io/Closeable;Lorg/gradle/api/Action;)V+2
j  org.gradle.api.internal.file.archive.ZipCopyAction.execute(Lorg/gradle/api/internal/file/copy/CopyActionProcessingStream;)Lorg/gradle/api/tasks/WorkResult;+51
j  org.gradle.api.internal.file.copy.NormalizingCopyActionDecorator.execute(Lorg/gradle/api/internal/file/copy/CopyActionProcessingStream;)Lorg/gradle/api/tasks/WorkResult;+25
j  org.gradle.api.internal.file.copy.DuplicateHandlingCopyActionDecorator.execute(Lorg/gradle/api/internal/file/copy/CopyActionProcessingStream;)Lorg/gradle/api/tasks/WorkResult;+20
j  org.gradle.api.internal.file.copy.CopyActionExecuter.execute(Lorg/gradle/api/internal/file/copy/CopySpecInternal;Lorg/gradle/api/internal/file/copy/CopyAction;)Lorg/gradle/api/tasks/WorkResult;+54
j  org.gradle.api.tasks.AbstractCopyTask.copy()V+16
j  java.lang.invoke.LambdaForm$DMH+0x000001c1816fc000.invokeVirtual(Ljava/lang/Object;Ljava/lang/Object;)V+10 java.base@21.0.6
j  java.lang.invoke.LambdaForm$MH+0x000001c181240800.invoke(Ljava/lang/Object;Ljava/lang/Object;)Ljava/lang/Object;+31 java.base@21.0.6
J 11768 c2 jdk.internal.reflect.DirectMethodHandleAccessor.invoke(Ljava/lang/Object;[Ljava/lang/Object;)Ljava/lang/Object; java.base@21.0.6 (92 bytes) @ 0x000001c1d9346e40 [0x000001c1d9346d40+0x0000000000000100]
J 3473 c1 org.gradle.internal.reflect.JavaMethod.invoke(Ljava/lang/Object;[Ljava/lang/Object;)Ljava/lang/Object; (87 bytes) @ 0x000001c1d1c7993c [0x000001c1d1c793c0+0x000000000000057c]
j  org.gradle.api.internal.project.taskfactory.StandardTaskAction.doExecute(Lorg/gradle/api/Task;Ljava/lang/String;)V+16
j  org.gradle.api.internal.project.taskfactory.StandardTaskAction.execute(Lorg/gradle/api/Task;)V+32
j  org.gradle.api.internal.project.taskfactory.StandardTaskAction.execute(Ljava/lang/Object;)V+5
j  org.gradle.api.internal.tasks.execution.TaskExecution$3.run(Lorg/gradle/internal/operations/BuildOperationContext;)V+23
J 9005 c1 org.gradle.internal.operations.DefaultBuildOperationRunner$1.execute(Lorg/gradle/internal/operations/BuildOperation;Lorg/gradle/internal/operations/BuildOperationContext;)V (10 bytes) @ 0x000001c1d2579444 [0x000001c1d25791e0+0x0000000000000264]
J 6961 c1 org.gradle.internal.operations.DefaultBuildOperationRunner$2.execute(Lorg/gradle/internal/operations/BuildOperationDescriptor;Lorg/gradle/internal/operations/BuildOperationState;Lorg/gradle/internal/operations/BuildOperationState;Lorg/gradle/internal/operations/DefaultBuildOperationRunner$ReadableBuildOperationContext;Lorg/gradle/internal/operations/DefaultBuildOperationRunner$BuildOperationExecutionListener;)Lorg/gradle/internal/operations/BuildOperation; (110 bytes) @ 0x000001c1d21ec5c4 [0x000001c1d21ec3c0+0x0000000000000204]
J 6973 c1 org.gradle.internal.operations.DefaultBuildOperationRunner$2.execute(Lorg/gradle/internal/operations/BuildOperationDescriptor;Lorg/gradle/internal/operations/BuildOperationState;Lorg/gradle/internal/operations/BuildOperationState;Lorg/gradle/internal/operations/DefaultBuildOperationRunner$ReadableBuildOperationContext;Lorg/gradle/internal/operations/DefaultBuildOperationRunner$BuildOperationExecutionListener;)Ljava/lang/Object; (12 bytes) @ 0x000001c1d21f154c [0x000001c1d21f14c0+0x000000000000008c]
J 9975 c1 org.gradle.internal.operations.DefaultBuildOperationRunner.execute(Lorg/gradle/internal/operations/BuildOperationDescriptor$Builder;Lorg/gradle/internal/operations/DefaultBuildOperationRunner$BuildOperationExecution;)Ljava/lang/Object; (147 bytes) @ 0x000001c1d2769abc [0x000001c1d2768c40+0x0000000000000e7c]
J 6968 c1 org.gradle.internal.operations.DefaultBuildOperationRunner.execute(Lorg/gradle/internal/operations/BuildOperation;Lorg/gradle/internal/operations/BuildOperationWorker;)V (22 bytes) @ 0x000001c1d21efd84 [0x000001c1d21efae0+0x00000000000002a4]
J 9004 c1 org.gradle.internal.operations.DefaultBuildOperationRunner.run(Lorg/gradle/internal/operations/RunnableBuildOperation;)V (9 bytes) @ 0x000001c1d2578e5c [0x000001c1d2578dc0+0x000000000000009c]
j  org.gradle.api.internal.tasks.execution.TaskExecution.executeAction(Ljava/lang/String;Lorg/gradle/api/internal/TaskInternal;Lorg/gradle/api/internal/tasks/InputChangesAwareTaskAction;Lorg/gradle/internal/execution/history/changes/InputChangesInternal;Z)V+30
j  org.gradle.api.internal.tasks.execution.TaskExecution.executeActions(Lorg/gradle/api/internal/TaskInternal;Lorg/gradle/internal/execution/history/changes/InputChangesInternal;)V+131
j  org.gradle.api.internal.tasks.execution.TaskExecution.executeWithPreviousOutputFiles(Lorg/gradle/internal/execution/history/changes/InputChangesInternal;)Lorg/gradle/internal/execution/WorkOutput$WorkResult;+46
j  org.gradle.api.internal.tasks.execution.TaskExecution.execute(Lorg/gradle/internal/execution/ExecutionContext;)Lorg/gradle/internal/execution/WorkOutput;+61
j  org.gradle.internal.execution.steps.ExecuteStep.executeInternal(Lorg/gradle/internal/execution/UnitOfWork;Lorg/gradle/internal/execution/steps/WorkspaceContext;)Lorg/gradle/internal/execution/steps/Result;+13
j  org.gradle.internal.execution.steps.ExecuteStep.access$000(Lorg/gradle/internal/execution/steps/ExecuteStep;Lorg/gradle/internal/execution/UnitOfWork;Lorg/gradle/internal/execution/steps/WorkspaceContext;)Lorg/gradle/internal/execution/steps/Result;+3
j  org.gradle.internal.execution.steps.ExecuteStep$1.call(Lorg/gradle/internal/operations/BuildOperationContext;)Lorg/gradle/internal/execution/steps/Result;+12
j  org.gradle.internal.execution.steps.ExecuteStep$1.call(Lorg/gradle/internal/operations/BuildOperationContext;)Ljava/lang/Object;+2
J 8369 c1 org.gradle.internal.operations.DefaultBuildOperationRunner$CallableBuildOperationWorker.execute(Lorg/gradle/internal/operations/BuildOperation;Lorg/gradle/internal/operations/BuildOperationContext;)V (10 bytes) @ 0x000001c1d243ee4c [0x000001c1d243ebe0+0x000000000000026c]
J 6961 c1 org.gradle.internal.operations.DefaultBuildOperationRunner$2.execute(Lorg/gradle/internal/operations/BuildOperationDescriptor;Lorg/gradle/internal/operations/BuildOperationState;Lorg/gradle/internal/operations/BuildOperationState;Lorg/gradle/internal/operations/DefaultBuildOperationRunner$ReadableBuildOperationContext;Lorg/gradle/internal/operations/DefaultBuildOperationRunner$BuildOperationExecutionListener;)Lorg/gradle/internal/operations/BuildOperation; (110 bytes) @ 0x000001c1d21ec5c4 [0x000001c1d21ec3c0+0x0000000000000204]
J 6973 c1 org.gradle.internal.operations.DefaultBuildOperationRunner$2.execute(Lorg/gradle/internal/operations/BuildOperationDescriptor;Lorg/gradle/internal/operations/BuildOperationState;Lorg/gradle/internal/operations/BuildOperationState;Lorg/gradle/internal/operations/DefaultBuildOperationRunner$ReadableBuildOperationContext;Lorg/gradle/internal/operations/DefaultBuildOperationRunner$BuildOperationExecutionListener;)Ljava/lang/Object; (12 bytes) @ 0x000001c1d21f154c [0x000001c1d21f14c0+0x000000000000008c]
J 9975 c1 org.gradle.internal.operations.DefaultBuildOperationRunner.execute(Lorg/gradle/internal/operations/BuildOperationDescriptor$Builder;Lorg/gradle/internal/operations/DefaultBuildOperationRunner$BuildOperationExecution;)Ljava/lang/Object; (147 bytes) @ 0x000001c1d2769abc [0x000001c1d2768c40+0x0000000000000e7c]
J 6968 c1 org.gradle.internal.operations.DefaultBuildOperationRunner.execute(Lorg/gradle/internal/operations/BuildOperation;Lorg/gradle/internal/operations/BuildOperationWorker;)V (22 bytes) @ 0x000001c1d21efd84 [0x000001c1d21efae0+0x00000000000002a4]
J 8368 c1 org.gradle.internal.operations.DefaultBuildOperationRunner.call(Lorg/gradle/internal/operations/CallableBuildOperation;)Ljava/lang/Object; (20 bytes) @ 0x000001c1d243e684 [0x000001c1d243e4e0+0x00000000000001a4]
j  org.gradle.internal.execution.steps.ExecuteStep.execute(Lorg/gradle/internal/execution/UnitOfWork;Lorg/gradle/internal/execution/steps/WorkspaceContext;)Lorg/gradle/internal/execution/steps/Result;+30
j  org.gradle.internal.execution.steps.ExecuteStep$Mutable.execute(Lorg/gradle/internal/execution/UnitOfWork;Lorg/gradle/internal/execution/steps/Context;)Lorg/gradle/internal/execution/steps/Result;+6
j  org.gradle.internal.execution.steps.CancelExecutionStep.execute(Lorg/gradle/internal/execution/UnitOfWork;Lorg/gradle/internal/execution/steps/Context;)Lorg/gradle/internal/execution/steps/Result;+35
j  org.gradle.internal.execution.steps.TimeoutStep.executeWithoutTimeout(Lorg/gradle/internal/execution/UnitOfWork;Lorg/gradle/internal/execution/steps/Context;)Lorg/gradle/internal/execution/steps/Result;+6
j  org.gradle.internal.execution.steps.TimeoutStep.execute(Lorg/gradle/internal/execution/UnitOfWork;Lorg/gradle/internal/execution/steps/Context;)Lorg/gradle/internal/execution/steps/Result;+92
j  org.gradle.internal.execution.steps.PreCreateOutputParentsStep.execute(Lorg/gradle/internal/execution/UnitOfWork;Lorg/gradle/internal/execution/steps/WorkspaceContext;)Lorg/gradle/internal/execution/steps/Result;+24
j  org.gradle.internal.execution.steps.PreCreateOutputParentsStep.execute(Lorg/gradle/internal/execution/UnitOfWork;Lorg/gradle/internal/execution/steps/Context;)Lorg/gradle/internal/execution/steps/Result;+6
j  org.gradle.internal.execution.steps.RemovePreviousOutputsStep.executeMutable(Lorg/gradle/internal/execution/MutableUnitOfWork;Lorg/gradle/internal/execution/steps/InputChangesContext;)Lorg/gradle/internal/execution/steps/Result;+49
j  org.gradle.internal.execution.steps.RemovePreviousOutputsStep.executeMutable(Lorg/gradle/internal/execution/MutableUnitOfWork;Lorg/gradle/internal/execution/steps/Context;)Lorg/gradle/internal/execution/steps/Result;+6
j  org.gradle.internal.execution.steps.MutableStep.execute(Lorg/gradle/internal/execution/UnitOfWork;Lorg/gradle/internal/execution/steps/Context;)Lorg/gradle/internal/execution/steps/Result;+6
j  org.gradle.internal.execution.steps.BroadcastChangingOutputsStep.execute(Lorg/gradle/internal/execution/UnitOfWork;Lorg/gradle/internal/execution/steps/WorkspaceContext;)Lorg/gradle/internal/execution/steps/Result;+27
j  org.gradle.internal.execution.steps.BroadcastChangingOutputsStep.execute(Lorg/gradle/internal/execution/UnitOfWork;Lorg/gradle/internal/execution/steps/Context;)Lorg/gradle/internal/execution/steps/Result;+6
j  org.gradle.internal.execution.steps.CaptureOutputsAfterExecutionStep.execute(Lorg/gradle/internal/execution/UnitOfWork;Lorg/gradle/internal/execution/steps/WorkspaceContext;)Lorg/gradle/internal/execution/steps/AfterExecutionResult;+6
j  org.gradle.internal.execution.steps.CaptureOutputsAfterExecutionStep.execute(Lorg/gradle/internal/execution/UnitOfWork;Lorg/gradle/internal/execution/steps/Context;)Lorg/gradle/internal/execution/steps/Result;+6
j  org.gradle.internal.execution.steps.ResolveInputChangesStep.executeMutable(Lorg/gradle/internal/execution/MutableUnitOfWork;Lorg/gradle/internal/execution/steps/MutableCachingContext;)Lorg/gradle/internal/execution/steps/Result;+22
j  org.gradle.internal.execution.steps.ResolveInputChangesStep.executeMutable(Lorg/gradle/internal/execution/MutableUnitOfWork;Lorg/gradle/internal/execution/steps/Context;)Lorg/gradle/internal/execution/steps/Result;+6
j  org.gradle.internal.execution.steps.MutableStep.execute(Lorg/gradle/internal/execution/UnitOfWork;Lorg/gradle/internal/execution/steps/Context;)Lorg/gradle/internal/execution/steps/Result;+6
j  org.gradle.internal.execution.steps.BuildCacheStep.executeWithoutCache(Lorg/gradle/internal/execution/UnitOfWork;Lorg/gradle/internal/execution/steps/WorkspaceContext;)Lorg/gradle/internal/execution/steps/AfterExecutionResult;+6
j  org.gradle.internal.execution.steps.BuildCacheStep.lambda$execute$1(Lorg/gradle/internal/execution/UnitOfWork;Lorg/gradle/internal/execution/steps/WorkspaceContext;Lorg/gradle/internal/execution/caching/CachingState$Disabled;)Lorg/gradle/internal/execution/steps/AfterExecutionResult;+3
j  org.gradle.internal.execution.steps.BuildCacheStep$$Lambda+0x000001c181b35bb0.apply(Ljava/lang/Object;)Ljava/lang/Object;+16
j  org.gradle.internal.Either$Right.fold(Ljava/util/function/Function;Ljava/util/function/Function;)Ljava/lang/Object;+5
j  org.gradle.internal.execution.caching.CachingState.fold(Ljava/util/function/Function;Ljava/util/function/Function;)Ljava/lang/Object;+6
j  org.gradle.internal.execution.steps.BuildCacheStep.execute(Lorg/gradle/internal/execution/UnitOfWork;Lorg/gradle/internal/execution/steps/WorkspaceContext;)Lorg/gradle/internal/execution/steps/AfterExecutionResult;+25
j  org.gradle.internal.execution.steps.BuildCacheStep.execute(Lorg/gradle/internal/execution/UnitOfWork;Lorg/gradle/internal/execution/steps/Context;)Lorg/gradle/internal/execution/steps/Result;+6
j  org.gradle.internal.execution.steps.StoreExecutionStateStep.executeMutable(Lorg/gradle/internal/execution/MutableUnitOfWork;Lorg/gradle/internal/execution/steps/PreviousExecutionContext;)Lorg/gradle/internal/execution/steps/AfterExecutionResult;+6
j  org.gradle.internal.execution.steps.StoreExecutionStateStep.executeMutable(Lorg/gradle/internal/execution/MutableUnitOfWork;Lorg/gradle/internal/execution/steps/Context;)Lorg/gradle/internal/execution/steps/Result;+6
j  org.gradle.internal.execution.steps.MutableStep.execute(Lorg/gradle/internal/execution/UnitOfWork;Lorg/gradle/internal/execution/steps/Context;)Lorg/gradle/internal/execution/steps/Result;+6
j  org.gradle.internal.execution.steps.SkipUpToDateStep.executeBecause(Lorg/gradle/internal/execution/UnitOfWork;Lcom/google/common/collect/ImmutableList;Lorg/gradle/internal/execution/steps/MutableChangesContext;)Lorg/gradle/internal/execution/steps/UpToDateResult;+11
j  org.gradle.internal.execution.steps.SkipUpToDateStep.lambda$execute$2(Lorg/gradle/internal/execution/UnitOfWork;Lcom/google/common/collect/ImmutableList;Lorg/gradle/internal/execution/steps/MutableChangesContext;)Lorg/gradle/internal/execution/steps/UpToDateResult;+4
j  org.gradle.internal.execution.steps.SkipUpToDateStep$$Lambda+0x000001c181b1fb60.get()Ljava/lang/Object;+16
J 9626 c2 java.util.Optional.orElseGet(Ljava/util/function/Supplier;)Ljava/lang/Object; java.base@21.0.6 (21 bytes) @ 0x000001c1d971b17c [0x000001c1d971b120+0x000000000000005c]
j  org.gradle.internal.execution.steps.SkipUpToDateStep.execute(Lorg/gradle/internal/execution/UnitOfWork;Lorg/gradle/internal/execution/steps/MutableChangesContext;)Lorg/gradle/internal/execution/steps/UpToDateResult;+65
j  org.gradle.internal.execution.steps.SkipUpToDateStep.execute(Lorg/gradle/internal/execution/UnitOfWork;Lorg/gradle/internal/execution/steps/Context;)Lorg/gradle/internal/execution/steps/Result;+6
j  org.gradle.internal.execution.steps.legacy.MarkSnapshottingInputsFinishedStep.execute(Lorg/gradle/internal/execution/UnitOfWork;Lorg/gradle/internal/execution/steps/CachingContext;)Lorg/gradle/internal/execution/steps/Result;+18
j  org.gradle.internal.execution.steps.legacy.MarkSnapshottingInputsFinishedStep.execute(Lorg/gradle/internal/execution/UnitOfWork;Lorg/gradle/internal/execution/steps/Context;)Lorg/gradle/internal/execution/steps/Result;+6
j  org.gradle.internal.execution.steps.ResolveMutableCachingStateStep.executeDelegate(Lorg/gradle/internal/execution/UnitOfWork;Lorg/gradle/internal/execution/steps/MutableChangesContext;Lorg/gradle/internal/execution/caching/CachingState;)Lorg/gradle/internal/execution/steps/UpToDateResult;+14
j  org.gradle.internal.execution.steps.ResolveMutableCachingStateStep.executeDelegate(Lorg/gradle/internal/execution/UnitOfWork;Lorg/gradle/internal/execution/steps/ValidationFinishedContext;Lorg/gradle/internal/execution/caching/CachingState;)Lorg/gradle/internal/execution/steps/UpToDateResult;+7
j  org.gradle.internal.execution.steps.AbstractResolveCachingStateStep.execute(Lorg/gradle/internal/execution/UnitOfWork;Lorg/gradle/internal/execution/steps/ValidationFinishedContext;)Lorg/gradle/internal/execution/steps/CachingResult;+53
j  org.gradle.internal.execution.steps.AbstractResolveCachingStateStep.execute(Lorg/gradle/internal/execution/UnitOfWork;Lorg/gradle/internal/execution/steps/Context;)Lorg/gradle/internal/execution/steps/Result;+6
j  org.gradle.internal.execution.steps.ResolveChangesStep.executeMutable(Lorg/gradle/internal/execution/MutableUnitOfWork;Lorg/gradle/internal/execution/steps/MutableValidationFinishedContext;)Lorg/gradle/internal/execution/steps/Result;+43
j  org.gradle.internal.execution.steps.ResolveChangesStep.executeMutable(Lorg/gradle/internal/execution/MutableUnitOfWork;Lorg/gradle/internal/execution/steps/Context;)Lorg/gradle/internal/execution/steps/Result;+6
j  org.gradle.internal.execution.steps.MutableStep.execute(Lorg/gradle/internal/execution/UnitOfWork;Lorg/gradle/internal/execution/steps/Context;)Lorg/gradle/internal/execution/steps/Result;+6
j  org.gradle.internal.execution.steps.ValidateStep$Mutable.executeDelegate(Lorg/gradle/internal/execution/UnitOfWork;Lorg/gradle/internal/execution/steps/MutableBeforeExecutionContext;Ljava/util/List;)Lorg/gradle/internal/execution/steps/Result;+14
j  org.gradle.internal.execution.steps.ValidateStep$Mutable.executeDelegate(Lorg/gradle/internal/execution/UnitOfWork;Lorg/gradle/internal/execution/steps/BeforeExecutionContext;Ljava/util/List;)Lorg/gradle/internal/execution/steps/Result;+7
j  org.gradle.internal.execution.steps.ValidateStep.execute(Lorg/gradle/internal/execution/UnitOfWork;Lorg/gradle/internal/execution/steps/BeforeExecutionContext;)Lorg/gradle/internal/execution/steps/Result;+85
j  org.gradle.internal.execution.steps.ValidateStep$Mutable.execute(Lorg/gradle/internal/execution/UnitOfWork;Lorg/gradle/internal/execution/steps/Context;)Lorg/gradle/internal/execution/steps/Result;+6
j  org.gradle.internal.execution.steps.CaptureMutableStateBeforeExecutionStep.executeMutable(Lorg/gradle/internal/execution/MutableUnitOfWork;Lorg/gradle/internal/execution/steps/PreviousExecutionContext;)Lorg/gradle/internal/execution/steps/CachingResult;+77
j  org.gradle.internal.execution.steps.CaptureMutableStateBeforeExecutionStep.execute(Lorg/gradle/internal/execution/UnitOfWork;Lorg/gradle/internal/execution/steps/PreviousExecutionContext;)Lorg/gradle/internal/execution/steps/CachingResult;+6
j  org.gradle.internal.execution.steps.CaptureMutableStateBeforeExecutionStep.execute(Lorg/gradle/internal/execution/UnitOfWork;Lorg/gradle/internal/execution/steps/Context;)Lorg/gradle/internal/execution/steps/Result;+6
j  org.gradle.internal.execution.steps.SkipEmptyMutableWorkStep.executeWithNonEmptySources(Lorg/gradle/internal/execution/UnitOfWork;Lorg/gradle/internal/execution/steps/PreviousExecutionContext;)Lorg/gradle/internal/execution/steps/CachingResult;+22
j  org.gradle.internal.execution.steps.SkipEmptyMutableWorkStep.executeMutable(Lorg/gradle/internal/execution/MutableUnitOfWork;Lorg/gradle/internal/execution/steps/PreviousExecutionContext;)Lorg/gradle/internal/execution/steps/CachingResult;+83
j  org.gradle.internal.execution.steps.SkipEmptyMutableWorkStep.executeMutable(Lorg/gradle/internal/execution/MutableUnitOfWork;Lorg/gradle/internal/execution/steps/Context;)Lorg/gradle/internal/execution/steps/Result;+6
j  org.gradle.internal.execution.steps.MutableStep.execute(Lorg/gradle/internal/execution/UnitOfWork;Lorg/gradle/internal/execution/steps/Context;)Lorg/gradle/internal/execution/steps/Result;+6
j  org.gradle.internal.execution.steps.legacy.MarkSnapshottingInputsStartedStep.execute(Lorg/gradle/internal/execution/UnitOfWork;Lorg/gradle/internal/execution/steps/Context;)Lorg/gradle/internal/execution/steps/Result;+12
j  org.gradle.internal.execution.steps.LoadPreviousExecutionStateStep.executeMutable(Lorg/gradle/internal/execution/MutableUnitOfWork;Lorg/gradle/internal/execution/steps/WorkspaceContext;)Lorg/gradle/internal/execution/steps/AfterExecutionResult;+44
j  org.gradle.internal.execution.steps.LoadPreviousExecutionStateStep.executeMutable(Lorg/gradle/internal/execution/MutableUnitOfWork;Lorg/gradle/internal/execution/steps/Context;)Lorg/gradle/internal/execution/steps/Result;+6
j  org.gradle.internal.execution.steps.MutableStep.execute(Lorg/gradle/internal/execution/UnitOfWork;Lorg/gradle/internal/execution/steps/Context;)Lorg/gradle/internal/execution/steps/Result;+6
j  org.gradle.internal.execution.steps.HandleStaleOutputsStep.executeMutable(Lorg/gradle/internal/execution/MutableUnitOfWork;Lorg/gradle/internal/execution/steps/WorkspaceContext;)Lorg/gradle/internal/execution/steps/AfterExecutionResult;+21
j  org.gradle.internal.execution.steps.HandleStaleOutputsStep.executeMutable(Lorg/gradle/internal/execution/MutableUnitOfWork;Lorg/gradle/internal/execution/steps/Context;)Lorg/gradle/internal/execution/steps/Result;+6
j  org.gradle.internal.execution.steps.MutableStep.execute(Lorg/gradle/internal/execution/UnitOfWork;Lorg/gradle/internal/execution/steps/Context;)Lorg/gradle/internal/execution/steps/Result;+6
j  org.gradle.internal.execution.steps.AssignMutableWorkspaceStep.lambda$executeMutable$0(Lorg/gradle/internal/execution/steps/IdentityContext;Lorg/gradle/internal/execution/MutableUnitOfWork;Ljava/io/File;)Lorg/gradle/internal/execution/steps/WorkspaceResult;+18
j  org.gradle.internal.execution.steps.AssignMutableWorkspaceStep$$Lambda+0x000001c181af7008.executeInWorkspace(Ljava/io/File;)Ljava/lang/Object;+13
j  org.gradle.api.internal.tasks.execution.TaskExecution$4.withWorkspace(Ljava/lang/String;Lorg/gradle/internal/execution/workspace/MutableWorkspaceProvider$WorkspaceAction;)Ljava/lang/Object;+2
j  org.gradle.internal.execution.steps.AssignMutableWorkspaceStep.executeMutable(Lorg/gradle/internal/execution/MutableUnitOfWork;Lorg/gradle/internal/execution/steps/IdentityContext;)Lorg/gradle/internal/execution/steps/WorkspaceResult;+23
j  org.gradle.internal.execution.steps.AssignMutableWorkspaceStep.executeMutable(Lorg/gradle/internal/execution/MutableUnitOfWork;Lorg/gradle/internal/execution/steps/Context;)Lorg/gradle/internal/execution/steps/Result;+6
j  org.gradle.internal.execution.steps.MutableStep.execute(Lorg/gradle/internal/execution/UnitOfWork;Lorg/gradle/internal/execution/steps/Context;)Lorg/gradle/internal/execution/steps/Result;+6
j  org.gradle.internal.execution.steps.ChoosePipelineStep.execute(Lorg/gradle/internal/execution/UnitOfWork;Lorg/gradle/internal/execution/steps/IdentityContext;)Lorg/gradle/internal/execution/steps/Result;+32
j  org.gradle.internal.execution.steps.ChoosePipelineStep.execute(Lorg/gradle/internal/execution/UnitOfWork;Lorg/gradle/internal/execution/steps/Context;)Lorg/gradle/internal/execution/steps/Result;+6
j  org.gradle.internal.execution.steps.ExecuteWorkBuildOperationFiringStep.lambda$execute$2(Lorg/gradle/internal/execution/UnitOfWork;Lorg/gradle/internal/execution/steps/IdentityContext;)Lorg/gradle/internal/execution/steps/CachingResult;+6
j  org.gradle.internal.execution.steps.ExecuteWorkBuildOperationFiringStep$$Lambda+0x000001c181560640.get()Ljava/lang/Object;+12
J 9626 c2 java.util.Optional.orElseGet(Ljava/util/function/Supplier;)Ljava/lang/Object; java.base@21.0.6 (21 bytes) @ 0x000001c1d971b17c [0x000001c1d971b120+0x000000000000005c]
j  org.gradle.internal.execution.steps.ExecuteWorkBuildOperationFiringStep.execute(Lorg/gradle/internal/execution/UnitOfWork;Lorg/gradle/internal/execution/steps/IdentityContext;)Lorg/gradle/internal/execution/steps/CachingResult;+25
j  org.gradle.internal.execution.steps.ExecuteWorkBuildOperationFiringStep.execute(Lorg/gradle/internal/execution/UnitOfWork;Lorg/gradle/internal/execution/steps/Context;)Lorg/gradle/internal/execution/steps/Result;+6
j  org.gradle.internal.execution.steps.IdentityCacheStep.execute(Lorg/gradle/internal/execution/UnitOfWork;Lorg/gradle/internal/execution/steps/IdentityContext;)Lorg/gradle/internal/execution/steps/WorkspaceResult;+6
j  org.gradle.internal.execution.steps.IdentityCacheStep.execute(Lorg/gradle/internal/execution/UnitOfWork;Lorg/gradle/internal/execution/steps/Context;)Lorg/gradle/internal/execution/steps/Result;+6
j  org.gradle.internal.execution.steps.IdentifyStep.execute(Lorg/gradle/internal/execution/UnitOfWork;Lorg/gradle/internal/execution/steps/ExecutionRequestContext;)Lorg/gradle/internal/execution/steps/Result;+11
j  org.gradle.internal.execution.steps.IdentifyStep.execute(Lorg/gradle/internal/execution/UnitOfWork;Lorg/gradle/internal/execution/steps/Context;)Lorg/gradle/internal/execution/steps/Result;+6
j  org.gradle.internal.execution.impl.DefaultExecutionEngine$1.execute()Lorg/gradle/internal/execution/ExecutionEngine$Result;+15
j  org.gradle.api.internal.tasks.execution.ExecuteActionsTaskExecuter.executeIfValid(Lorg/gradle/api/internal/TaskInternal;Lorg/gradle/api/internal/tasks/TaskStateInternal;Lorg/gradle/api/internal/tasks/TaskExecutionContext;Lorg/gradle/api/internal/tasks/execution/TaskExecution;)Lorg/gradle/api/internal/tasks/TaskExecuterResult;+54
j  org.gradle.api.internal.tasks.execution.ExecuteActionsTaskExecuter.execute(Lorg/gradle/api/internal/TaskInternal;Lorg/gradle/api/internal/tasks/TaskStateInternal;Lorg/gradle/api/internal/tasks/TaskExecutionContext;)Lorg/gradle/api/internal/tasks/TaskExecuterResult;+69
j  org.gradle.api.internal.tasks.execution.ProblemsTaskPathTrackingTaskExecuter.execute(Lorg/gradle/api/internal/TaskInternal;Lorg/gradle/api/internal/tasks/TaskStateInternal;Lorg/gradle/api/internal/tasks/TaskExecutionContext;)Lorg/gradle/api/internal/tasks/TaskExecuterResult;+29
j  org.gradle.api.internal.tasks.execution.ResolveTaskExecutionModeExecuter.execute(Lorg/gradle/api/internal/TaskInternal;Lorg/gradle/api/internal/tasks/TaskStateInternal;Lorg/gradle/api/internal/tasks/TaskExecutionContext;)Lorg/gradle/api/internal/tasks/TaskExecuterResult;+56
j  org.gradle.api.internal.tasks.execution.FinalizePropertiesTaskExecuter.execute(Lorg/gradle/api/internal/TaskInternal;Lorg/gradle/api/internal/tasks/TaskStateInternal;Lorg/gradle/api/internal/tasks/TaskExecutionContext;)Lorg/gradle/api/internal/tasks/TaskExecuterResult;+61
j  org.gradle.api.internal.tasks.execution.SkipTaskWithNoActionsExecuter.execute(Lorg/gradle/api/internal/TaskInternal;Lorg/gradle/api/internal/tasks/TaskStateInternal;Lorg/gradle/api/internal/tasks/TaskExecutionContext;)Lorg/gradle/api/internal/tasks/TaskExecuterResult;+120
j  org.gradle.api.internal.tasks.execution.SkipOnlyIfTaskExecuter.execute(Lorg/gradle/api/internal/TaskInternal;Lorg/gradle/api/internal/tasks/TaskStateInternal;Lorg/gradle/api/internal/tasks/TaskExecutionContext;)Lorg/gradle/api/internal/tasks/TaskExecuterResult;+199
j  org.gradle.api.internal.tasks.execution.CatchExceptionTaskExecuter.execute(Lorg/gradle/api/internal/TaskInternal;Lorg/gradle/api/internal/tasks/TaskStateInternal;Lorg/gradle/api/internal/tasks/TaskExecutionContext;)Lorg/gradle/api/internal/tasks/TaskExecuterResult;+7
j  org.gradle.api.internal.tasks.execution.EventFiringTaskExecuter$1.executeTask(Lorg/gradle/internal/operations/BuildOperationContext;)Lorg/gradle/api/internal/tasks/TaskExecuterResult;+136
j  org.gradle.api.internal.tasks.execution.EventFiringTaskExecuter$1.call(Lorg/gradle/internal/operations/BuildOperationContext;)Lorg/gradle/api/internal/tasks/TaskExecuterResult;+2
j  org.gradle.api.internal.tasks.execution.EventFiringTaskExecuter$1.call(Lorg/gradle/internal/operations/BuildOperationContext;)Ljava/lang/Object;+2
J 8369 c1 org.gradle.internal.operations.DefaultBuildOperationRunner$CallableBuildOperationWorker.execute(Lorg/gradle/internal/operations/BuildOperation;Lorg/gradle/internal/operations/BuildOperationContext;)V (10 bytes) @ 0x000001c1d243ee4c [0x000001c1d243ebe0+0x000000000000026c]
J 6961 c1 org.gradle.internal.operations.DefaultBuildOperationRunner$2.execute(Lorg/gradle/internal/operations/BuildOperationDescriptor;Lorg/gradle/internal/operations/BuildOperationState;Lorg/gradle/internal/operations/BuildOperationState;Lorg/gradle/internal/operations/DefaultBuildOperationRunner$ReadableBuildOperationContext;Lorg/gradle/internal/operations/DefaultBuildOperationRunner$BuildOperationExecutionListener;)Lorg/gradle/internal/operations/BuildOperation; (110 bytes) @ 0x000001c1d21ec5c4 [0x000001c1d21ec3c0+0x0000000000000204]
J 6973 c1 org.gradle.internal.operations.DefaultBuildOperationRunner$2.execute(Lorg/gradle/internal/operations/BuildOperationDescriptor;Lorg/gradle/internal/operations/BuildOperationState;Lorg/gradle/internal/operations/BuildOperationState;Lorg/gradle/internal/operations/DefaultBuildOperationRunner$ReadableBuildOperationContext;Lorg/gradle/internal/operations/DefaultBuildOperationRunner$BuildOperationExecutionListener;)Ljava/lang/Object; (12 bytes) @ 0x000001c1d21f154c [0x000001c1d21f14c0+0x000000000000008c]
J 9975 c1 org.gradle.internal.operations.DefaultBuildOperationRunner.execute(Lorg/gradle/internal/operations/BuildOperationDescriptor$Builder;Lorg/gradle/internal/operations/DefaultBuildOperationRunner$BuildOperationExecution;)Ljava/lang/Object; (147 bytes) @ 0x000001c1d2769abc [0x000001c1d2768c40+0x0000000000000e7c]
J 6968 c1 org.gradle.internal.operations.DefaultBuildOperationRunner.execute(Lorg/gradle/internal/operations/BuildOperation;Lorg/gradle/internal/operations/BuildOperationWorker;)V (22 bytes) @ 0x000001c1d21efd84 [0x000001c1d21efae0+0x00000000000002a4]
J 8368 c1 org.gradle.internal.operations.DefaultBuildOperationRunner.call(Lorg/gradle/internal/operations/CallableBuildOperation;)Ljava/lang/Object; (20 bytes) @ 0x000001c1d243e684 [0x000001c1d243e4e0+0x00000000000001a4]
j  org.gradle.api.internal.tasks.execution.EventFiringTaskExecuter.execute(Lorg/gradle/api/internal/TaskInternal;Lorg/gradle/api/internal/tasks/TaskStateInternal;Lorg/gradle/api/internal/tasks/TaskExecutionContext;)Lorg/gradle/api/internal/tasks/TaskExecuterResult;+15
j  org.gradle.execution.plan.DefaultNodeExecutor.executeLocalTaskNode(Lorg/gradle/execution/plan/Node;Lorg/gradle/api/internal/tasks/NodeExecutionContext;Lorg/gradle/execution/plan/LocalTaskNode;)V+73
j  org.gradle.execution.plan.DefaultNodeExecutor.execute(Lorg/gradle/execution/plan/Node;Lorg/gradle/api/internal/tasks/NodeExecutionContext;)Z+32
j  org.gradle.execution.taskgraph.DefaultTaskExecutionGraph$InvokeNodeExecutorsAction.execute(Lorg/gradle/execution/plan/Node;)V+18
j  org.gradle.execution.taskgraph.DefaultTaskExecutionGraph$InvokeNodeExecutorsAction.execute(Ljava/lang/Object;)V+5
j  org.gradle.execution.taskgraph.DefaultTaskExecutionGraph$BuildOperationAwareExecutionAction.lambda$execute$0(Lorg/gradle/execution/plan/Node;)V+5
j  org.gradle.execution.taskgraph.DefaultTaskExecutionGraph$BuildOperationAwareExecutionAction$$Lambda+0x000001c181acea48.run()V+8
j  org.gradle.internal.operations.CurrentBuildOperationRef.with(Lorg/gradle/internal/operations/BuildOperationRef;Ljava/lang/Runnable;)V+11
j  org.gradle.execution.taskgraph.DefaultTaskExecutionGraph$BuildOperationAwareExecutionAction.execute(Lorg/gradle/execution/plan/Node;)V+14
j  org.gradle.execution.taskgraph.DefaultTaskExecutionGraph$BuildOperationAwareExecutionAction.execute(Ljava/lang/Object;)V+5
j  org.gradle.execution.plan.DefaultPlanExecutor$ExecutorWorker.execute(Ljava/lang/Object;Lorg/gradle/execution/plan/WorkSource;Lorg/gradle/api/Action;)V+14
j  org.gradle.execution.plan.DefaultPlanExecutor$ExecutorWorker.run()V+75
j  org.gradle.execution.plan.DefaultPlanExecutor.process(Lorg/gradle/execution/plan/WorkSource;Lorg/gradle/api/Action;)Lorg/gradle/internal/build/ExecutionResult;+101
j  org.gradle.execution.taskgraph.DefaultTaskExecutionGraph.executeWithServices(Lorg/gradle/execution/ProjectExecutionServiceRegistry;)Lorg/gradle/internal/build/ExecutionResult;+41
j  org.gradle.execution.taskgraph.DefaultTaskExecutionGraph.execute(Lorg/gradle/execution/plan/FinalizedExecutionPlan;)Lorg/gradle/internal/build/ExecutionResult;+52
j  org.gradle.execution.SelectedTaskExecutionAction.execute(Lorg/gradle/api/internal/GradleInternal;Lorg/gradle/execution/plan/FinalizedExecutionPlan;)Lorg/gradle/internal/build/ExecutionResult;+14
j  org.gradle.execution.BuildOperationFiringBuildWorkerExecutor$ExecuteTasks.call(Lorg/gradle/internal/operations/BuildOperationContext;)Lorg/gradle/internal/build/ExecutionResult;+15
j  org.gradle.execution.BuildOperationFiringBuildWorkerExecutor$ExecuteTasks.call(Lorg/gradle/internal/operations/BuildOperationContext;)Ljava/lang/Object;+2
J 8369 c1 org.gradle.internal.operations.DefaultBuildOperationRunner$CallableBuildOperationWorker.execute(Lorg/gradle/internal/operations/BuildOperation;Lorg/gradle/internal/operations/BuildOperationContext;)V (10 bytes) @ 0x000001c1d243ee4c [0x000001c1d243ebe0+0x000000000000026c]
J 6961 c1 org.gradle.internal.operations.DefaultBuildOperationRunner$2.execute(Lorg/gradle/internal/operations/BuildOperationDescriptor;Lorg/gradle/internal/operations/BuildOperationState;Lorg/gradle/internal/operations/BuildOperationState;Lorg/gradle/internal/operations/DefaultBuildOperationRunner$ReadableBuildOperationContext;Lorg/gradle/internal/operations/DefaultBuildOperationRunner$BuildOperationExecutionListener;)Lorg/gradle/internal/operations/BuildOperation; (110 bytes) @ 0x000001c1d21ec5c4 [0x000001c1d21ec3c0+0x0000000000000204]
J 6973 c1 org.gradle.internal.operations.DefaultBuildOperationRunner$2.execute(Lorg/gradle/internal/operations/BuildOperationDescriptor;Lorg/gradle/internal/operations/BuildOperationState;Lorg/gradle/internal/operations/BuildOperationState;Lorg/gradle/internal/operations/DefaultBuildOperationRunner$ReadableBuildOperationContext;Lorg/gradle/internal/operations/DefaultBuildOperationRunner$BuildOperationExecutionListener;)Ljava/lang/Object; (12 bytes) @ 0x000001c1d21f154c [0x000001c1d21f14c0+0x000000000000008c]
J 6969 c1 org.gradle.internal.operations.DefaultBuildOperationRunner.execute(Lorg/gradle/internal/operations/BuildOperationDescriptor$Builder;Lorg/gradle/internal/operations/DefaultBuildOperationRunner$BuildOperationExecution;)Ljava/lang/Object; (147 bytes) @ 0x000001c1d21f28cc [0x000001c1d21f1a40+0x0000000000000e8c]
J 6968 c1 org.gradle.internal.operations.DefaultBuildOperationRunner.execute(Lorg/gradle/internal/operations/BuildOperation;Lorg/gradle/internal/operations/BuildOperationWorker;)V (22 bytes) @ 0x000001c1d21efd84 [0x000001c1d21efae0+0x00000000000002a4]
J 8368 c1 org.gradle.internal.operations.DefaultBuildOperationRunner.call(Lorg/gradle/internal/operations/CallableBuildOperation;)Ljava/lang/Object; (20 bytes) @ 0x000001c1d243e684 [0x000001c1d243e4e0+0x00000000000001a4]
j  org.gradle.execution.BuildOperationFiringBuildWorkerExecutor.execute(Lorg/gradle/api/internal/GradleInternal;Lorg/gradle/execution/plan/FinalizedExecutionPlan;)Lorg/gradle/internal/build/ExecutionResult;+14
j  org.gradle.internal.build.DefaultBuildLifecycleController.lambda$executeTasks$0(Lorg/gradle/internal/build/DefaultBuildLifecycleController$DefaultBuildWorkPlan;)Lorg/gradle/internal/build/ExecutionResult;+95
j  org.gradle.internal.build.DefaultBuildLifecycleController$$Lambda+0x000001c181ac8000.get()Ljava/lang/Object;+8
j  org.gradle.internal.model.StateTransitionController.doTransition(Lorg/gradle/internal/model/StateTransitionController$State;Lorg/gradle/internal/model/StateTransitionController$State;Ljava/util/function/Supplier;)Lorg/gradle/internal/build/ExecutionResult;+24
j  org.gradle.internal.model.StateTransitionController.lambda$tryTransition$0(Lorg/gradle/internal/model/StateTransitionController$State;Lorg/gradle/internal/model/StateTransitionController$State;Ljava/util/function/Supplier;)Lorg/gradle/internal/build/ExecutionResult;+4
j  org.gradle.internal.model.StateTransitionController$$Lambda+0x000001c181ac8218.create()Ljava/lang/Object;+16
j  org.gradle.internal.work.DefaultSynchronizer.withLock(Lorg/gradle/internal/Factory;)Ljava/lang/Object;+6
j  org.gradle.internal.model.StateTransitionController.tryTransition(Lorg/gradle/internal/model/StateTransitionController$State;Lorg/gradle/internal/model/StateTransitionController$State;Ljava/util/function/Supplier;)Lorg/gradle/internal/build/ExecutionResult;+13
j  org.gradle.internal.build.DefaultBuildLifecycleController.executeTasks(Lorg/gradle/execution/plan/BuildWorkPlan;)Lorg/gradle/internal/build/ExecutionResult;+34
j  org.gradle.internal.build.DefaultBuildWorkGraphController$DefaultBuildWorkGraph.runWork()Lorg/gradle/internal/build/ExecutionResult;+95
j  org.gradle.composite.internal.DefaultBuildController$$Lambda+0x000001c181aba1a0.create()Ljava/lang/Object;+4
j  org.gradle.internal.work.DefaultWorkerLeaseService.lambda$runAndReleaseLocks$0(Lorg/gradle/internal/Factory;Ljava/util/Collection;)Ljava/lang/Object;+1
j  org.gradle.internal.work.DefaultWorkerLeaseService$$Lambda+0x000001c1812a0d20.create()Ljava/lang/Object;+12
j  org.gradle.internal.work.ResourceLockStatistics$1.measure(Ljava/lang/String;Ljava/lang/Iterable;Lorg/gradle/internal/Factory;)Ljava/lang/Object;+1
j  org.gradle.internal.work.DefaultWorkerLeaseService.runAndReleaseLocks(Ljava/util/Collection;Lorg/gradle/internal/Factory;)Ljava/lang/Object;+16
j  org.gradle.internal.work.DefaultWorkerLeaseService.withLocksAcquired(Ljava/util/Collection;Lorg/gradle/internal/Factory;)Ljava/lang/Object;+8
j  org.gradle.internal.work.DefaultWorkerLeaseService.withLocks(Ljava/util/Collection;Lorg/gradle/internal/Factory;)Ljava/lang/Object;+25
j  org.gradle.internal.work.DefaultWorkerLeaseService.runAsWorkerThread(Lorg/gradle/internal/Factory;)Ljava/lang/Object;+33
j  org.gradle.composite.internal.DefaultBuildController.doRun()Lorg/gradle/internal/build/ExecutionResult;+18
j  org.gradle.composite.internal.DefaultBuildController$BuildOpRunnable.lambda$run$0()V+8
j  org.gradle.composite.internal.DefaultBuildController$BuildOpRunnable$$Lambda+0x000001c181ab9f88.run()V+4
j  org.gradle.internal.operations.CurrentBuildOperationRef.with(Lorg/gradle/internal/operations/BuildOperationRef;Ljava/lang/Runnable;)V+11
j  org.gradle.composite.internal.DefaultBuildController$BuildOpRunnable.run()V+13
j  java.util.concurrent.Executors$RunnableAdapter.call()Ljava/lang/Object;+4 java.base@21.0.6
J 5329 c1 java.util.concurrent.FutureTask.run()V java.base@21.0.6 (123 bytes) @ 0x000001c1d1e8212c [0x000001c1d1e819c0+0x000000000000076c]
J 5354 c1 org.gradle.internal.concurrent.ExecutorPolicy$CatchAndRecordFailures.onExecute(Ljava/lang/Runnable;)V (29 bytes) @ 0x000001c1d1e90b04 [0x000001c1d1e909e0+0x0000000000000124]
j  org.gradle.internal.concurrent.AbstractManagedExecutor$1.run()V+25
j  java.util.concurrent.ThreadPoolExecutor.runWorker(Ljava/util/concurrent/ThreadPoolExecutor$Worker;)V+92 java.base@21.0.6
j  java.util.concurrent.ThreadPoolExecutor$Worker.run()V+5 java.base@21.0.6
j  java.lang.Thread.runWith(Ljava/lang/Object;Ljava/lang/Runnable;)V+5 java.base@21.0.6
j  java.lang.Thread.run()V+19 java.base@21.0.6
v  ~StubRoutines::call_stub 0x000001c1d89a100d

siginfo: EXCEPTION_ACCESS_VIOLATION (0xc0000005), data execution prevention violation at address 0x00007ffa515e2942


Registers:
RAX=0x0000000000000385, RBX=0x000001c1f683a900, RCX=0x000000000000c63e, RDX=0x000001c1f4c9e800
RSP=0x00000082c1cf8380, RBP=0x000001c1f683a918, RSI=0x00007ffad15e0000, RDI=0x0000000000000000
R8 =0x0000000000000046, R9 =0x000000000000c63c, R10=0x000001c1f683a900, R11=0x0000000000000002
R12=0x0000000000000002, R13=0x000000000000029a, R14=0x0000000000000000, R15=0x0000000000000001
RIP=0x00007ffad15e2942, EFLAGS=0x0000000000010202

XMM[0]=0x0000000000000000 0x0000000085e31277
XMM[1]=0x0000000000000000 0x00000000b6662d3d
XMM[2]=0x0000000000000000 0x73de919dea03ca40
XMM[3]=0x0000000063cc0104 0x00000000c06e828c
XMM[4]=0x172c4368355d3e08 0xddff65b2bb861410
XMM[5]=0x00000000418e90b1 0x7f3e73a2d702feac
XMM[6]=0xe333c2cfa581cdf3 0x5447d83334b32e2d
XMM[7]=0x8f44a6c1b3fc70f3 0x78b538b9fe8c88fb
XMM[8]=0x02a468304e7eec92 0xeb2b1c30aa761012
XMM[9]=0x3a515dc93a515dc9 0x3a515dc949882cae
XMM[10]=0x0000000000000000 0x000000000f36cee5
XMM[11]=0xe6db80fae6db80fa 0xe6db80fa3063ada8
XMM[12]=0x0000000000000000 0x0000000049882cae
XMM[13]=0x0000000000000000 0x000000008b2a167c
XMM[14]=0x0000000000000000 0x19e69df4ad313f88
XMM[15]=0x0000000000000000 0x00000000934aa194
  MXCSR=0x00001fa0


Register to memory mapping:

RAX=0x0000000000000385 is an unknown value
RBX=0x000001c1f683a900 points into unknown readable memory: 0x000001c1f3d14680 | 80 46 d1 f3 c1 01 00 00
RCX=0x000000000000c63e is an unknown value
RDX=0x000001c1f4c9e800 points into unknown readable memory: 0x00002ad2a3deb559 | 59 b5 de a3 d2 2a 00 00
RSP=0x00000082c1cf8380 is pointing into the stack for thread: 0x000001c1f4770350
RBP=0x000001c1f683a918 points into unknown readable memory: 0x000001c100010000 | 00 00 01 00 c1 01 00 00
RSI=0x00007ffad15e0000 zip.dll
RDI=0x0 is null
R8 =0x0000000000000046 is an unknown value
R9 =0x000000000000c63c is an unknown value
R10=0x000001c1f683a900 points into unknown readable memory: 0x000001c1f3d14680 | 80 46 d1 f3 c1 01 00 00
R11=0x0000000000000002 is an unknown value
R12=0x0000000000000002 is an unknown value
R13=0x000000000000029a is an unknown value
R14=0x0 is null
R15=0x0000000000000001 is an unknown value

Top of Stack: (sp=0x00000082c1cf8380)
0x00000082c1cf8380:   000001c1f683a900 00007ffad15e0065
0x00000082c1cf8390:   000001c1f683a918 00007ffad15e0000
0x00000082c1cf83a0:   000001c1f683a930 0000000000000000
0x00000082c1cf83b0:   0000000000000001 00007ffad15e35f6
0x00000082c1cf83c0:   000001c1f683a900 000001c1f683a918
0x00000082c1cf83d0:   000001c1f3d14680 0000000000000000
0x00000082c1cf83e0:   00000082c1cf84d8 000000008648cf70
0x00000082c1cf83f0:   0000000000001000 0000000000002000
0x00000082c1cf8400:   000001c1f3d14680 00007ffad15e1565
0x00000082c1cf8410:   000001c1f4770708 0000000000000000
0x00000082c1cf8420:   00000000864bb068 000000008648cb40
0x00000082c1cf8430:   c95b55a9fbee8373 34843e13720c4883
0x00000082c1cf8440:   000001c1f4770350 000000008648cb40
0x00000082c1cf8450:   000000008648cb40 0000000000000000
0x00000082c1cf8460:   0000000000000000 000001c1d9582176
0x00000082c1cf8470:   7efd9bfa6607f783 0000000000000000
0x00000082c1cf8480:   00000082c1cf8500 0000000000002000
0x00000082c1cf8490:   0000000000000000 0000000000002000
0x00000082c1cf84a0:   00000082c1cf84f0 0000000000000000
0x00000082c1cf84b0:   0000000000001000 0000000000000000
0x00000082c1cf84c0:   0000000000000000 000000008648cb00
0x00000082c1cf84d0:   b91b9c193aaad881 00000000864bb058
0x00000082c1cf84e0:   7a69d4095c84e787 00ba11a42ea03eca
0x00000082c1cf84f0:   000000008648cf60 3d258b212d266d26
0x00000082c1cf8500:   0000000000000000 000001c1d997e180
0x00000082c1cf8510:   529d90b400000000 f9a6e99a00001000
0x00000082c1cf8520:   b5e2eb8e00000000 9590397400000000
0x00000082c1cf8530:   000000008648cb00 c28ea0b5c07b864e
0x00000082c1cf8540:   000000008648cb40 000000008648cb40
0x00000082c1cf8550:   414768a224b83f40 c60bab85b129e89c
0x00000082c1cf8560:   3fe43ff38648cb40 0058dc2f6458782f
0x00000082c1cf8570:   000000008648cf60 07da2e18978aa20b 

Instructions: (pc=0x00007ffad15e2942)
0x00007ffad15e2842:   00 00 00 48 8b 0b 89 83 84 00 00 00 e8 d1 1f 00
0x00007ffad15e2852:   00 48 8b 03 8b 48 18 f7 d9 1b c0 f7 d8 83 c0 02
0x00007ffad15e2862:   eb 81 39 bb f4 16 00 00 74 43 8b 83 84 00 00 00
0x00007ffad15e2872:   85 c0 78 08 8b d0 48 03 53 50 eb 03 48 8b d7 44
0x00007ffad15e2882:   2b c0 45 33 c9 48 8b cb e8 79 47 00 00 8b 83 94
0x00007ffad15e2892:   00 00 00 48 8b 0b 89 83 84 00 00 00 e8 81 1f 00
0x00007ffad15e28a2:   00 48 8b 03 39 78 18 0f 84 34 ff ff ff 8b c5 e9
0x00007ffad15e28b2:   2f ff ff ff cc cc 48 8b c4 48 89 58 08 48 89 68
0x00007ffad15e28c2:   10 48 89 70 18 48 89 78 20 41 54 41 56 41 57 48
0x00007ffad15e28d2:   83 ec 20 33 ff 44 8b f2 48 8b d9 44 8d 67 02 44
0x00007ffad15e28e2:   8d 7f 01 48 8d 35 14 d7 ff ff 8b 83 9c 00 00 00
0x00007ffad15e28f2:   3d 06 01 00 00 73 26 48 8b cb e8 1b 1d 00 00 8b
0x00007ffad15e2902:   83 9c 00 00 00 3d 06 01 00 00 73 09 45 85 f6 0f
0x00007ffad15e2912:   84 ec 02 00 00 85 c0 0f 84 eb 03 00 00 44 8b cf
0x00007ffad15e2922:   83 f8 03 72 69 48 8b 43 50 44 8b 8b 94 00 00 00
0x00007ffad15e2932:   48 8b 53 68 41 8d 49 02 44 0f b6 04 01 8b 43 70
0x00007ffad15e2942:   8b 8b 80 00 00 00 d3 e0 48 8b 4b 60 44 33 c0 44
0x00007ffad15e2952:   23 43 7c 8b 43 4c 4c 23 c8 44 89 43 70 42 0f b7
0x00007ffad15e2962:   04 42 66 42 89 04 49 8b 83 94 00 00 00 8b 4b 4c
0x00007ffad15e2972:   8b 53 70 48 23 c8 48 8b 43 60 44 0f b7 0c 48 48
0x00007ffad15e2982:   8b 4b 68 0f b7 83 94 00 00 00 66 89 04 51 8b 8b
0x00007ffad15e2992:   88 00 00 00 45 8b c4 8b 83 98 00 00 00 89 8b a0
0x00007ffad15e29a2:   00 00 00 89 83 8c 00 00 00 44 89 a3 88 00 00 00
0x00007ffad15e29b2:   45 85 c9 74 62 3b 8b a8 00 00 00 73 5a 8b 4b 44
0x00007ffad15e29c2:   8b 83 94 00 00 00 81 e9 06 01 00 00 41 2b c1 3b
0x00007ffad15e29d2:   c1 77 44 41 8b d1 48 8b cb e8 64 1f 00 00 89 83
0x00007ffad15e29e2:   88 00 00 00 44 8b c0 83 f8 05 77 2b 44 39 bb b0
0x00007ffad15e29f2:   00 00 00 74 18 83 f8 03 75 1d 8b 83 94 00 00 00
0x00007ffad15e2a02:   2b 83 98 00 00 00 3d 00 10 00 00 76 0a 44 89 a3
0x00007ffad15e2a12:   88 00 00 00 45 8b c4 8b 83 a0 00 00 00 83 f8 03
0x00007ffad15e2a22:   0f 82 fc 01 00 00 44 3b c0 0f 87 f3 01 00 00 8b
0x00007ffad15e2a32:   8b 9c 00 00 00 44 8a c0 8b ab 94 00 00 00 83 c1 


Stack slot to memory mapping:

stack at sp + 0 slots: 0x000001c1f683a900 points into unknown readable memory: 0x000001c1f3d14680 | 80 46 d1 f3 c1 01 00 00
stack at sp + 1 slots: 0x00007ffad15e0065 zip.dll
stack at sp + 2 slots: 0x000001c1f683a918 points into unknown readable memory: 0x000001c100010000 | 00 00 01 00 c1 01 00 00
stack at sp + 3 slots: 0x00007ffad15e0000 zip.dll
stack at sp + 4 slots: 0x000001c1f683a930 points into unknown readable memory: 0x0000000000000000 | 00 00 00 00 00 00 00 00
stack at sp + 5 slots: 0x0 is null
stack at sp + 6 slots: 0x0000000000000001 is an unknown value
stack at sp + 7 slots: 0x00007ffad15e35f6 zip.dll


Compiled method (n/a) 20108 13191     n 0       java.util.zip.Deflater::deflateBytesBytes (native)
 total in heap  [0x000001c1d9581e90,0x000001c1d95822b8] = 1064
 relocation     [0x000001c1d9581ff0,0x000001c1d9582020] = 48
 main code      [0x000001c1d9582020,0x000001c1d95822b2] = 658
 stub code      [0x000001c1d95822b2,0x000001c1d95822b8] = 6

[Constant Pool (empty)]

[MachCode]
[Entry Point]
  # {method} {0x000001c1ecbbd318} 'deflateBytesBytes' '(J[BII[BIIII)J' in 'java/util/zip/Deflater'
  # this:     rdx:rdx   = 'java/util/zip/Deflater'
  # parm0:    r8:r8     = long
  # parm1:    r9:r9     = '[B'
  # parm2:    rdi       = int
  # parm3:    rsi       = int
  # parm4:    rcx:rcx   = '[B'
  # parm5:    [sp+0xa0]   = int  (sp of caller)
  # parm6:    [sp+0xa8]   = int
  # parm7:    [sp+0xb0]   = int
  # parm8:    [sp+0xb8]   = int
  0x000001c1d9582020: 448b 5208 | 49bb 0000 | 0080 c101 | 0000 4d03 | d349 3bc2 | 0f84 0600 

  0x000001c1d9582038: ;   {runtime_call ic_miss_stub}
  0x000001c1d9582038: 0000 e941 | c746 ff90 
[Verified Entry Point]
  0x000001c1d9582040: 8984 2400 | 80ff ff55 | 488b ec48 | 81ec 9000 | 0000 6690 | 4181 7f20 | 0b00 0000 

  0x000001c1d958205c: ;   {runtime_call StubRoutines (final stubs)}
  0x000001c1d958205c: 7405 e8fd | 2c45 ff48 | 6345 2848 | 8944 2450 | 4863 4520 | 4889 4424 | 4848 6345 | 1848 8944 
  0x000001c1d958207c: 2440 4863 | 4510 4889 | 4424 3848 | 898c 2480 | 0000 0048 | 83f9 0048 | 8d84 2480 | 0000 0048 
  0x000001c1d958209c: 0f44 8424 | 8000 0000 | 4889 4424 | 3048 8974 | 2428 4889 | 7c24 204c | 894c 2468 | 4983 f900 
  0x000001c1d95820bc: 4c8d 4c24 | 684c 0f44 | 4c24 6848 | 8954 2458 | 4883 fa00 | 488d 5424 | 5848 0f44 | 5424 58c5 
  0x000001c1d95820dc: ;   {internal_word}
  0x000001c1d95820dc: f877 49ba | db20 58d9 | c101 0000 | 4d89 97a0 | 0300 0049 | 89a7 9803 

  0x000001c1d95820f4: ;   {external_word}
  0x000001c1d95820f4: 0000 49ba | 355b 4010 | fa7f 0000 | 4180 3a00 | 0f84 4e00 | 0000 5241 

  0x000001c1d958210c: ;   {metadata({method} {0x000001c1ecbbd318} 'deflateBytesBytes' '(J[BII[BIIII)J' in 'java/util/zip/Deflater')}
  0x000001c1d958210c: 5041 5148 | ba10 d3bb | ecc1 0100 | 0049 8bcf | 4883 ec20 | 40f6 c40f | 0f84 1900 | 0000 4883 
  0x000001c1d958212c: ;   {runtime_call}
  0x000001c1d958212c: ec08 48b8 | c04b ea0f | fa7f 0000 | ffd0 4883 | c408 e90c 

  0x000001c1d9582140: ;   {runtime_call}
  0x000001c1d9582140: 0000 0048 | b8c0 4bea | 0ffa 7f00 | 00ff d048 | 83c4 2041 | 5941 585a | 498d 8fb8 | 0300 0041 
  0x000001c1d9582160: c787 4404 | 0000 0400 

  0x000001c1d9582168: ;   {runtime_call}
  0x000001c1d9582168: 0000 48b8 | 5c14 5ed1 | fa7f 0000 | ffd0 c5f8 | 7741 c787 | 4404 0000 | 0500 0000 | f083 4424 
  0x000001c1d9582188: c000 493b | af48 0400 | 000f 870e | 0000 0041 | 83bf 4004 | 0000 000f | 842b 0000 | 00c5 f877 
  0x000001c1d95821a8: 4889 45f8 | 498b cf4c | 8be4 4883 | ec20 4883 

  0x000001c1d95821b8: ;   {runtime_call}
  0x000001c1d95821b8: e4f0 48b8 | 60cf b50f | fa7f 0000 | ffd0 498b | e44d 33e4 | 488b 45f8 | 41c7 8744 | 0400 0008 
  0x000001c1d95821d8: 0000 0041 | 83bf c004 | 0000 020f | 849c 0000 

  0x000001c1d95821e8: ;   {external_word}
  0x000001c1d95821e8: 0049 ba35 | 5b40 10fa | 7f00 0041 | 803a 000f | 844c 0000 | 0048 8945 

  0x000001c1d9582200: ;   {metadata({method} {0x000001c1ecbbd318} 'deflateBytesBytes' '(J[BII[BIIII)J' in 'java/util/zip/Deflater')}
  0x000001c1d9582200: f848 ba10 | d3bb ecc1 | 0100 0049 | 8bcf 4883 | ec20 40f6 | c40f 0f84 | 1900 0000 | 4883 ec08 
  0x000001c1d9582220: ;   {runtime_call}
  0x000001c1d9582220: 48b8 c04b | ea0f fa7f | 0000 ffd0 | 4883 c408 | e90c 0000 

  0x000001c1d9582234: ;   {runtime_call}
  0x000001c1d9582234: 0048 b8c0 | 4bea 0ffa | 7f00 00ff | d048 83c4 | 2048 8b45 | f849 c787 | 9803 0000 | 0000 0000 
  0x000001c1d9582254: 49c7 87a0 | 0300 0000 | 0000 00c5 | f877 498b | 8f28 0400 | 00c7 8100 | 0100 0000 | 0000 00c9 
  0x000001c1d9582274: 4983 7f08 | 000f 8501 | 0000 00c3 

  0x000001c1d9582280: ;   {runtime_call StubRoutines (initial stubs)}
  0x000001c1d9582280: e97b ec41 | ffc5 f877 | 4889 45f8 | 4c8b e448 | 83ec 2048 

  0x000001c1d9582294: ;   {runtime_call}
  0x000001c1d9582294: 83e4 f048 | b8a0 83ea | 0ffa 7f00 | 00ff d049 | 8be4 4d33 | e448 8b45 | f8e9 37ff | ffff f4f4 
  0x000001c1d95822b4: f4f4 f4f4 
[/MachCode]


Compiled method (c2) 20113 13500   !   4       java.util.zip.Deflater::deflate (420 bytes)
 total in heap  [0x000001c1d997de10,0x000001c1d997ebf0] = 3552
 relocation     [0x000001c1d997df70,0x000001c1d997dfe0] = 112
 main code      [0x000001c1d997dfe0,0x000001c1d997e6e8] = 1800
 stub code      [0x000001c1d997e6e8,0x000001c1d997e710] = 40
 oops           [0x000001c1d997e710,0x000001c1d997e718] = 8
 metadata       [0x000001c1d997e718,0x000001c1d997e758] = 64
 scopes data    [0x000001c1d997e758,0x000001c1d997ea90] = 824
 scopes pcs     [0x000001c1d997ea90,0x000001c1d997eba0] = 272
 dependencies   [0x000001c1d997eba0,0x000001c1d997eba8] = 8
 handler table  [0x000001c1d997eba8,0x000001c1d997ebd8] = 48
 nul chk table  [0x000001c1d997ebd8,0x000001c1d997ebf0] = 24

[Constant Pool (empty)]

[MachCode]
[Entry Point]
  # {method} {0x000001c1ecbbc050} 'deflate' '([BIII)I' in 'java/util/zip/Deflater'
  # this:     rdx:rdx   = 'java/util/zip/Deflater'
  # parm0:    r8:r8     = '[B'
  # parm1:    r9        = int
  # parm2:    rdi       = int
  # parm3:    rsi       = int
  #           [sp+0x90]  (sp of caller)
  0x000001c1d997dfe0: 448b 5208 | 49bb 0000 | 0080 c101 | 0000 4d03 | d349 3bc2 

  0x000001c1d997dff4: ;   {runtime_call ic_miss_stub}
  0x000001c1d997dff4: 0f85 8607 | 07ff 6690 | 0f1f 4000 
[Verified Entry Point]
  0x000001c1d997e000: 8984 2400 | 80ff ff55 | 4881 ec80 | 0000 0090 | 4181 7f20 | 0b00 0000 | 0f85 bd06 | 0000 897c 
  0x000001c1d997e020: 2434 4489 | 4c24 3048 | 8954 2420 | 4c89 4424 | 6045 8b50 | 0c41 8bea | 410b e90b | ef85 ed0f 
  0x000001c1d997e040: 8c74 0300 | 0041 8bea | 412b e93b | fd0f 8f81 | 0300 0085 | f60f 8595 | 0300 0044 | 8b52 3044 
  0x000001c1d997e060: 8954 2450 | 4585 d20f | 84df 0200 | 004d 8bea | 488d 5c24 | 7049 8b45 | 00a8 020f | 8524 0000 
  0x000001c1d997e080: 0048 83c8 | 0148 8903 | f049 0fb1 | 5d00 0f84 | 3700 0000 | 482b c448 | 2507 f0ff | ff48 8903 
  0x000001c1d997e0a0: e924 0000 | 004c 8bd0 | 4833 c0f0 | 4d0f b17a | 3e48 c703 | 0300 0000 | 7411 4c3b | f875 1549 
  0x000001c1d997e0c0: ff82 8600 | 0000 4833 | c075 0949 | ff87 4805 | 0000 33c0 | 0f85 8a02 | 0000 4c8b | 5424 2045 
  0x000001c1d997e0e0: 8b52 304d | 8b42 104d | 85c0 0f84 | 2403 0000 

  0x000001c1d997e0f0: ;   {no_reloc}
  0x000001c1d997e0f0: 4c8b 5424 | 2045 8b52 | 344c 8b5c | 2420 450f | b65b 2d4c | 8b4c 2420 | 410f b669 | 2cbb 0400 
  0x000001c1d997e110: 0000 33c9 | 4585 db0f | 44d9 85ed | 0f85 2e03 | 0000 4585 | d20f 859c | 0100 0041 | 8b71 2041 
  0x000001c1d997e130: 8b69 0c45 | 8b59 382b | f54d 8bcb | 488b 5424 | 208b fd48 | 8b4c 2460 | 448b 5424 | 3044 8914 
  0x000001c1d997e150: 2448 8944 | 24f8 8b44 | 2434 8944 | 2408 488b | 4424 f889 | 5c24 1045 | 33db 4489 | 5c24 184c 
  0x000001c1d997e170: 896c 2430 | 4c89 6c24 

  0x000001c1d997e178: ;   {optimized virtual_call}
  0x000001c1d997e178: 3866 90e8 

  0x000001c1d997e17c: ; ImmutableOopMap {[32]=Oop [48]=Oop [56]=Oop [80]=NarrowOop }
                      ;*invokevirtual deflateBytesBytes {reexecute=0 rethrow=0 return_oop=0}
                      ; - java.util.zip.Deflater::deflate@133 (line 584)
  0x000001c1d997e17c: c03e c0ff 

  0x000001c1d997e180: ;   {other}
  0x000001c1d997e180: 0f1f 8400 | 7003 0000 | 896c 242c | 4533 c04c | 8bd0 49c1 | ea3e 41f6 | c201 740a | 4c8b 5424 
  0x000001c1d997e1a0: 2041 c642 | 2e01 488b | c848 c1e9 | 1f48 25ff | ffff 7f48 | 81e1 ffff | ff7f 448b | d844 8b4c 
  0x000001c1d997e1c0: 242c 4503 | cb8b f94d | 85c0 0f85 | cb00 0000 | 4c8b 5424 | 2045 894a | 0c4c 8b54 | 2420 4901 
  0x000001c1d997e1e0: 4210 4901 | 4a18 488d | 4424 704c | 8b5c 2438 | 4883 3800 | 0f84 7900 | 0000 4d8b | 1341 f6c2 
  0x000001c1d997e200: 020f 8462 | 0000 0049 | 83ba 8600 | 0000 0074 | 0949 ff8a | 8600 0000 | eb4b 498b | 8296 0000 
  0x000001c1d997e220: 0049 0b82 | 8e00 0000 | 750a 49c7 | 423e 0000 | 0000 eb3d | 4983 ba9e | 0000 0000 | 7422 4833 
  0x000001c1d997e240: c049 c742 | 3e00 0000 | 00f0 8304 | 2400 4983 | ba9e 0000 | 0000 750d | f04d 0fb1 | 7a3e 7505 
  0x000001c1d997e260: 83c8 01eb | 0ca8 00eb | 084c 8b10 | f04d 0fb1 | 1375 0a49 | ff8f 4805 | 0000 4533 

  0x000001c1d997e27c: ;   {no_reloc}
  0x000001c1d997e27c: d20f 850f | 0100 008b | c748 81c4 | 8000 0000 

  0x000001c1d997e28c: ;   {poll_return}
  0x000001c1d997e28c: 5d49 3ba7 | 4804 0000 | 0f87 2b04 | 0000 c341 | 8b68 1c44 | 3bcd 0f8f | 3002 0000 | 4585 c90f 
  0x000001c1d997e2ac: 8c5f 0200 | 0041 8b68 | 0c41 3be9 | 0f8f 8e02 | 0000 4589 | 4818 e912 | ffff ff45 | 8b4a 0845 
  0x000001c1d997e2cc: 8b5a 1c41 | 8b4a 1844 | 2bd9 33ff | 33d2 443b | df44 0f4c 

  0x000001c1d997e2e0: ;   {metadata('java/nio/HeapByteBuffer')}
  0x000001c1d997e2e0: da41 81f9 | 102f 1c00 | 0f85 9201 | 0000 458b | f34c 896c | 2438 8b44 | 2434 4c8b | 5c24 6049 
  0x000001c1d997e300: 8bea 8bf9 | 894c 242c | 037d 2844 | 8b55 304d | 8bca 488b | 5424 2041 | 8bf6 498b | cb44 8b54 
  0x000001c1d997e320: 2430 4489 | 1424 8944 | 2408 895c | 2410 4533 | db44 895c 

  0x000001c1d997e334: ;   {optimized virtual_call}
  0x000001c1d997e334: 2418 90e8 

  0x000001c1d997e338: ; ImmutableOopMap {rbp=Oop [32]=Oop [56]=Oop [80]=NarrowOop }
                      ;*invokevirtual deflateBytesBytes {reexecute=0 rethrow=0 return_oop=0}
                      ; - java.util.zip.Deflater::deflate@289 (line 605)
  0x000001c1d997e338: 043d c0ff 

  0x000001c1d997e33c: ;   {other}
  0x000001c1d997e33c: 0f1f 8400 | 2c05 0001 | 4c8b c5e9 | 43fe ffff | baf6 ffff | ff48 8b6c 

  0x000001c1d997e354: ;   {runtime_call UncommonTrapBlob}
  0x000001c1d997e354: 2420 90e8 

  0x000001c1d997e358: ; ImmutableOopMap {rbp=Oop [96]=Oop }
                      ;*monitorenter {reexecute=0 rethrow=0 return_oop=0}
                      ; - java.util.zip.Deflater::deflate@43 (line 563)
  0x000001c1d997e358: a462 07ff 

  0x000001c1d997e35c: ;   {other}
  0x000001c1d997e35c: 0f1f 8400 | 4c05 0002 | 498b d54c | 8d44 2470 | 488b 6c24 | 204c 896c | 2448 4c89 

  0x000001c1d997e378: ;   {runtime_call _complete_monitor_locking_Java}
  0x000001c1d997e378: 6c24 58e8 

  0x000001c1d997e37c: ; ImmutableOopMap {rbp=Oop [32]=Oop [72]=Oop [80]=NarrowOop [88]=Oop [96]=Oop }
                      ;*monitorenter {reexecute=0 rethrow=0 return_oop=0}
                      ; - java.util.zip.Deflater::deflate@43 (line 563)
  0x000001c1d997e37c: 0026 1dff 

  0x000001c1d997e380: ;   {other}
  0x000001c1d997e380: 0f1f 8400 | 7005 0003 | 4c8b 6c24 | 48e9 48fd | ffff 488b | 4c24 3848 | 8d54 2470 | 4d8b c749 
  0x000001c1d997e3a0: bae0 39ea | 0ffa 7f00 | 0041 ffd2 

  0x000001c1d997e3ac: ;   {other}
  0x000001c1d997e3ac: 0f1f 8400 | 0000 0000 | e9ca feff | ffba 45ff | ffff 8974 | 2438 4489 

  0x000001c1d997e3c4: ;   {runtime_call UncommonTrapBlob}
  0x000001c1d997e3c4: 5424 44e8 

  0x000001c1d997e3c8: ; ImmutableOopMap {[32]=Oop [96]=Oop }
                      ;*iflt {reexecute=1 rethrow=0 return_oop=0}
                      ; - (reexecute) jdk.internal.util.Preconditions::checkFromIndexSize@5 (line 396)
                      ; - java.util.zip.Deflater::deflate@7 (line 559)
  0x000001c1d997e3c8: 3462 07ff 

  0x000001c1d997e3cc: ;   {other}
  0x000001c1d997e3cc: 0f1f 8400 | bc05 0004 | ba45 ffff | ff89 7424 | 3844 8954 

  0x000001c1d997e3e0: ;   {runtime_call UncommonTrapBlob}
  0x000001c1d997e3e0: 2444 90e8 

  0x000001c1d997e3e4: ; ImmutableOopMap {[32]=Oop [96]=Oop }
                      ;*if_icmple {reexecute=1 rethrow=0 return_oop=0}
                      ; - (reexecute) jdk.internal.util.Preconditions::checkFromIndexSize@12 (line 396)
                      ; - java.util.zip.Deflater::deflate@7 (line 559)
  0x000001c1d997e3e4: 1862 07ff 

  0x000001c1d997e3e8: ;   {other}
  0x000001c1d997e3e8: 0f1f 8400 | d805 0005 | ba45 ffff | ff48 8b6c | 2420 4489 | 4c24 2889 | 7c24 2c89 

  0x000001c1d997e404: ;   {runtime_call UncommonTrapBlob}
  0x000001c1d997e404: 7424 34e8 

  0x000001c1d997e408: ; ImmutableOopMap {rbp=Oop [96]=Oop }
                      ;*ifeq {reexecute=1 rethrow=0 return_oop=0}
                      ; - (reexecute) java.util.zip.Deflater::deflate@13 (line 560)
  0x000001c1d997e408: f461 07ff 

  0x000001c1d997e40c: ;   {other}
  0x000001c1d997e40c: 0f1f 8400 | fc05 0006 | ba45 ffff | ff45 33d2 | 4d3b c2bd | ffff ffff | 7c08 400f | 95c5 400f 
  0x000001c1d997e42c: b6ed 4889 | 4424 f88b | 4424 5089 | 4424 3848 | 8b44 24f8 

  0x000001c1d997e440: ;   {runtime_call UncommonTrapBlob}
  0x000001c1d997e440: 6666 90e8 

  0x000001c1d997e444: ; ImmutableOopMap {[32]=Oop [56]=NarrowOop [96]=Oop }
                      ;*ifne {reexecute=1 rethrow=0 return_oop=0}
                      ; - (reexecute) java.util.zip.Deflater::ensureOpen@33 (line 901)
                      ; - java.util.zip.Deflater::deflate@45 (line 564)
  0x000001c1d997e444: b861 07ff 

  0x000001c1d997e448: ;   {other}
  0x000001c1d997e448: 0f1f 8400 | 3806 0007 | ba45 ffff | ff89 5c24 | 3848 8944 | 24f8 8b44 | 2450 8944 | 243c 488b 
  0x000001c1d997e468: 4424 f844 | 8954 2440 

  0x000001c1d997e470: ;   {runtime_call UncommonTrapBlob}
  0x000001c1d997e470: 6666 90e8 

  0x000001c1d997e474: ; ImmutableOopMap {[32]=Oop [60]=NarrowOop [64]=NarrowOop [96]=Oop }
                      ;*ifeq {reexecute=1 rethrow=0 return_oop=0}
                      ; - (reexecute) java.util.zip.Deflater::deflate@68 (line 572)
  0x000001c1d997e474: 8861 07ff 

  0x000001c1d997e478: ;   {other}
  0x000001c1d997e478: 0f1f 8400 | 6806 0008 | bade ffff | ff48 8b6c | 2420 448b | 4424 3044 | 8944 2428 | 4889 4424 
  0x000001c1d997e498: f88b 4424 | 3489 4424 | 2c48 8b44 | 24f8 895c | 2430 4889 | 4424 f88b | 4424 5089 | 4424 3448 
  0x000001c1d997e4b8: 8b44 24f8 | 894c 243c | 4489 5c24 | 4044 8954 

  0x000001c1d997e4c8: ;   {runtime_call UncommonTrapBlob}
  0x000001c1d997e4c8: 2444 90e8 

  0x000001c1d997e4cc: ; ImmutableOopMap {rbp=Oop [52]=NarrowOop [68]=NarrowOop [96]=Oop }
                      ;*invokevirtual isDirect {reexecute=0 rethrow=0 return_oop=0}
                      ; - java.util.zip.Deflater::deflate@164 (line 591)
  0x000001c1d997e4cc: 3061 07ff 

  0x000001c1d997e4d0: ;   {other}
  0x000001c1d997e4d0: 0f1f 8400 | c006 0009 | ba45 ffff | ff48 8944 | 24f8 8b44 | 2450 8944 | 2428 488b | 4424 f844 
  0x000001c1d997e4f0: 895c 242c | 897c 2430 | 4c89 4424 | 4044 894c 

  0x000001c1d997e500: ;   {runtime_call UncommonTrapBlob}
  0x000001c1d997e500: 244c 90e8 

  0x000001c1d997e504: ; ImmutableOopMap {[32]=Oop [40]=NarrowOop [64]=Oop }
                      ;*if_icmple {reexecute=1 rethrow=0 return_oop=0}
                      ; - (reexecute) java.nio.Buffer::position@5 (line 326)
                      ; - java.nio.ByteBuffer::position@2 (line 1551)
                      ; - java.util.zip.Deflater::deflate@366 (line 620)
  0x000001c1d997e504: f860 07ff 

  0x000001c1d997e508: ;   {other}
  0x000001c1d997e508: 0f1f 8400 | f806 000a | ba45 ffff | ff48 8b6c | 2420 4889 | 4424 f88b | 4424 5089 | 4424 2048 
  0x000001c1d997e528: 8b44 24f8 | 4489 5c24 | 2489 7c24 | 284c 8944 | 2438 4489 

  0x000001c1d997e53c: ;   {runtime_call UncommonTrapBlob}
  0x000001c1d997e53c: 4c24 44e8 

  0x000001c1d997e540: ; ImmutableOopMap {rbp=Oop [32]=NarrowOop [56]=Oop }
                      ;*ifge {reexecute=1 rethrow=0 return_oop=0}
                      ; - (reexecute) java.nio.Buffer::position@14 (line 326)
                      ; - java.nio.ByteBuffer::position@2 (line 1551)
                      ; - java.util.zip.Deflater::deflate@366 (line 620)
  0x000001c1d997e540: bc60 07ff 

  0x000001c1d997e544: ;   {other}
  0x000001c1d997e544: 0f1f 8400 | 3407 000b | ba45 ffff | ff48 8944 | 24f8 8b44 | 2450 8944 | 2428 488b | 4424 f844 
  0x000001c1d997e564: 895c 242c | 897c 2430 | 4c89 4424 | 4044 894c 

  0x000001c1d997e574: ;   {runtime_call UncommonTrapBlob}
  0x000001c1d997e574: 244c 90e8 

  0x000001c1d997e578: ; ImmutableOopMap {[32]=Oop [40]=NarrowOop [64]=Oop }
                      ;*if_icmple {reexecute=1 rethrow=0 return_oop=0}
                      ; - (reexecute) java.nio.Buffer::position@37 (line 328)
                      ; - java.nio.ByteBuffer::position@2 (line 1551)
                      ; - java.util.zip.Deflater::deflate@366 (line 620)
  0x000001c1d997e578: 8460 07ff 

  0x000001c1d997e57c: ;   {other}
  0x000001c1d997e57c: 0f1f 8400 | 6c07 000c | baf6 ffff | ff48 8b6c | 2420 8974 | 2428 4489 | 4c24 2c89 

  0x000001c1d997e598: ;   {runtime_call UncommonTrapBlob}
  0x000001c1d997e598: 7c24 30e8 

  0x000001c1d997e59c: ; ImmutableOopMap {rbp=Oop }
                      ;*arraylength {reexecute=0 rethrow=0 return_oop=0}
                      ; - java.util.zip.Deflater::deflate@3 (line 559)
  0x000001c1d997e59c: 6060 07ff 

  0x000001c1d997e5a0: ;   {other}
  0x000001c1d997e5a0: 0f1f 8400 | 9007 000d | baf6 ffff | ff48 8b6c | 2420 448b | 5424 3044 | 8954 2428 | 4889 4424 
  0x000001c1d997e5c0: f88b 4424 | 3489 4424 | 2c48 8b44 | 24f8 4889 | 4424 f88b | 4424 5089 | 4424 3048 | 8b44 24f8 
  0x000001c1d997e5e0: ;   {runtime_call UncommonTrapBlob}
  0x000001c1d997e5e0: 6666 90e8 

  0x000001c1d997e5e4: ; ImmutableOopMap {rbp=Oop [48]=NarrowOop [96]=Oop }
                      ;*invokevirtual address {reexecute=0 rethrow=0 return_oop=0}
                      ; - java.util.zip.Deflater::ensureOpen@28 (line 901)
                      ; - java.util.zip.Deflater::deflate@45 (line 564)
  0x000001c1d997e5e4: 1860 07ff 

  0x000001c1d997e5e8: ;   {other}
  0x000001c1d997e5e8: 0f1f 8400 | d807 000e | 488b d8eb | 0348 8bd8 | 488d 4424 | 704c 8b5c | 2438 4883 | 3800 0f84 
  0x000001c1d997e608: 7900 0000 | 4d8b 1341 | f6c2 020f | 8462 0000 | 0049 83ba | 8600 0000 | 0074 0949 | ff8a 8600 
  0x000001c1d997e628: 0000 eb4b | 498b 8296 | 0000 0049 | 0b82 8e00 | 0000 750a | 49c7 423e | 0000 0000 | eb3d 4983 
  0x000001c1d997e648: ba9e 0000 | 0000 7422 | 4833 c049 | c742 3e00 | 0000 00f0 | 8304 2400 | 4983 ba9e | 0000 0000 
  0x000001c1d997e668: 750d f04d | 0fb1 7a3e | 7505 83c8 | 01eb 0ca8 | 00eb 084c | 8b10 f04d | 0fb1 1375 | 0a49 ff8f 
  0x000001c1d997e688: 4805 0000 | 4533 d275 | 1048 8bd3 | 4881 c480 | 0000 005d 

  0x000001c1d997e69c: ;   {runtime_call _rethrow_Java}
  0x000001c1d997e69c: e95f 181d | ff48 8b4c | 2438 488d | 5424 704d | 8bc7 49ba | e039 ea0f | fa7f 0000 

  0x000001c1d997e6b8: ;   {other}
  0x000001c1d997e6b8: 41ff d20f | 1f84 0000 | 0000 00eb 

  0x000001c1d997e6c4: ;   {internal_word}
  0x000001c1d997e6c4: cc49 ba8d | e297 d9c1 | 0100 004d | 8997 6004 

  0x000001c1d997e6d4: ;   {runtime_call SafepointBlob}
  0x000001c1d997e6d4: 0000 e925 

  0x000001c1d997e6d8: ;   {runtime_call StubRoutines (final stubs)}
  0x000001c1d997e6d8: 7007 ffe8 | 8066 05ff | e939 f9ff | fff4 f4f4 
[Stub Code]
  0x000001c1d997e6e8: ;   {no_reloc}
  0x000001c1d997e6e8: 48bb 0000 | 0000 0000 

  0x000001c1d997e6f0: ;   {runtime_call nmethod}
  0x000001c1d997e6f0: 0000 e9fb 

  0x000001c1d997e6f4: ;   {runtime_call ExceptionBlob}
  0x000001c1d997e6f4: ffff ffe9 | 84e0 13ff 
[Deopt Handler Code]
  0x000001c1d997e6fc: e800 0000 | 0048 832c 

  0x000001c1d997e704: ;   {runtime_call DeoptimizationBlob}
  0x000001c1d997e704: 2405 e995 | 6207 fff4 | f4f4 f4f4 
[/MachCode]


Compiled method (c2) 20123 13499       4       org.apache.commons.compress.archivers.zip.StreamCompressor::writeDeflated (119 bytes)
 total in heap  [0x000001c1d997ec10,0x000001c1d99809e8] = 7640
 relocation     [0x000001c1d997ed70,0x000001c1d997ee60] = 240
 main code      [0x000001c1d997ee60,0x000001c1d997ffd8] = 4472
 stub code      [0x000001c1d997ffd8,0x000001c1d9980010] = 56
 oops           [0x000001c1d9980010,0x000001c1d9980020] = 16
 metadata       [0x000001c1d9980020,0x000001c1d9980140] = 288
 scopes data    [0x000001c1d9980140,0x000001c1d99806a0] = 1376
 scopes pcs     [0x000001c1d99806a0,0x000001c1d9980910] = 624
 dependencies   [0x000001c1d9980910,0x000001c1d9980950] = 64
 handler table  [0x000001c1d9980950,0x000001c1d9980998] = 72
 nul chk table  [0x000001c1d9980998,0x000001c1d99809e8] = 80

[Constant Pool (empty)]

[MachCode]
[Entry Point]
  # {method} {0x000001c1ecd133b0} 'writeDeflated' '([BII)V' in 'org/apache/commons/compress/archivers/zip/StreamCompressor'
  # this:     rdx:rdx   = 'org/apache/commons/compress/archivers/zip/StreamCompressor'
  # parm0:    r8:r8     = '[B'
  # parm1:    r9        = int
  # parm2:    rdi       = int
  #           [sp+0xb0]  (sp of caller)
  0x000001c1d997ee60: 448b 5208 | 49bb 0000 | 0080 c101 | 0000 4d03 | d349 3bc2 

  0x000001c1d997ee74: ;   {runtime_call ic_miss_stub}
  0x000001c1d997ee74: 0f85 06f9 | 06ff 6690 | 0f1f 4000 
[Verified Entry Point]
  0x000001c1d997ee80: 8984 2400 | 80ff ff55 | 4881 eca0 | 0000 0090 | 4181 7f20 | 0b00 0000 | 0f85 3011 | 0000 4489 
  0x000001c1d997eea0: 4c24 304c | 8944 2420 | 897c 2434 | 85ff 7f16 | 4881 c4a0 | 0000 005d 

  0x000001c1d997eeb8: ;   {poll_return}
  0x000001c1d997eeb8: 493b a748 | 0400 000f | 87f3 1000 | 00c3 4889 | 5424 4844 | 8b52 0c44 | 8954 2450 

  0x000001c1d997eed4: ; implicit exception: dispatches to 0x000001c1d997fdd4
  0x000001c1d997eed4: 458b 5230 | 4585 d20f | 8475 0a00 | 0048 8d9c | 2490 0000 | 0049 8b02 | a802 0f85 | 2300 0000 
  0x000001c1d997eef4: 4883 c801 | 4889 03f0 | 490f b11a | 0f84 3700 | 0000 482b | c448 2507 | f0ff ff48 | 8903 e924 
  0x000001c1d997ef14: 0000 004c | 8bd8 4833 | c0f0 4d0f | b17b 3e48 | c703 0300 | 0000 7411 | 4c3b f875 | 1549 ff83 
  0x000001c1d997ef34: 8600 0000 | 4833 c075 | 0949 ff87 | 4805 0000 | 33c0 0f85 | 680a 0000 | 448b 5c24 | 5041 0fb6 
  0x000001c1d997ef54: 6b2e 488d | 8424 9000 | 0000 4883 | 3800 0f84 | 7900 0000 | 4d8b 1a41 | f6c3 020f | 8462 0000 
  0x000001c1d997ef74: 0049 83bb | 8600 0000 | 0074 0949 | ff8b 8600 | 0000 eb4b | 498b 8396 | 0000 0049 | 0b83 8e00 
  0x000001c1d997ef94: 0000 750a | 49c7 433e | 0000 0000 | eb3d 4983 | bb9e 0000 | 0000 7422 | 4833 c049 | c743 3e00 
  0x000001c1d997efb4: ;   {no_reloc}
  0x000001c1d997efb4: 0000 00f0 | 8304 2400 | 4983 bb9e | 0000 0000 | 750d f04d | 0fb1 7b3e | 7505 83c8 | 01eb 0ca8 
  0x000001c1d997efd4: 00eb 084c | 8b18 f04d | 0fb1 1a75 | 0a49 ff8f | 4805 0000 | 4533 db0f | 85f9 0900 | 0085 ed0f 
  0x000001c1d997eff4: 8567 0c00 | 0044 8b5c | 2434 4181 | fb00 2000 | 000f 8fdb | 0c00 004c | 8b54 2448 | 418b 7a0c 
  0x000001c1d997f014: ; implicit exception: dispatches to 0x000001c1d997fde8
  0x000001c1d997f014: 448b 5f30 | 4c8b 6c24 | 2045 8b45 | 0c41 8be8 | 0b6c 2430 | 0b6c 2434 | 85ed 0f8c | 400c 0000 
  0x000001c1d997f034: 418b e82b | 6c24 3044 | 8b54 2434 | 443b d50f | 8fd3 0c00 | 0045 85db | 0f84 2209 | 0000 4d8b 
  0x000001c1d997f054: f348 8bef | 488d 9c24 | 9000 0000 | 498b 06a8 | 020f 8523 | 0000 0048 | 83c8 0148 | 8903 f049 
  0x000001c1d997f074: 0fb1 1e0f | 8437 0000 | 0048 2bc4 | 4825 07f0 | ffff 4889 | 03e9 2400 | 0000 4c8b | d048 33c0 
  0x000001c1d997f094: f04d 0fb1 | 7a3e 48c7 | 0303 0000 | 0074 114c | 3bf8 7515 | 49ff 8286 | 0000 0048 | 33c0 7509 
  0x000001c1d997f0b4: ;   {no_reloc}
  0x000001c1d997f0b4: 49ff 8748 | 0500 0033 | c00f 8577 | 0900 0041 | 807f 4000 | 0f85 b206 | 0000 4180 | 7f40 000f 
  0x000001c1d997f0d4: 8574 0600 | 0044 8967 | 348b 7424 | 3003 7424 | 344c 8bd5 | 4d8b dd44 | 895f 384d | 8bdd 4d33 
  0x000001c1d997f0f4: da49 c1eb | 144d 85db | 741a 49c1 | ea09 48b9 | 0000 8be1 | c101 0000 | 4903 ca80 | 3902 0f85 
  0x000001c1d997f114: 9b06 0000 | 8977 2044 | 8b5c 2430 | 4489 5f0c | 488d 8424 | 9000 0000 | 4883 3800 | 0f84 7900 
  0x000001c1d997f134: 0000 4d8b | 1641 f6c2 | 020f 8462 | 0000 0049 | 83ba 8600 | 0000 0074 | 0949 ff8a | 8600 0000 
  0x000001c1d997f154: eb4b 498b | 8296 0000 | 0049 0b82 | 8e00 0000 | 750a 49c7 | 423e 0000 | 0000 eb3d | 4983 ba9e 
  0x000001c1d997f174: 0000 0000 | 7422 4833 | c049 c742 | 3e00 0000 | 00f0 8304 | 2400 4983 | ba9e 0000 | 0000 750d 
  0x000001c1d997f194: f04d 0fb1 | 7a3e 7505 | 83c8 01eb | 0ca8 00eb | 084c 8b10 | f04d 0fb1 | 1675 0a49 | ff8f 4805 
  0x000001c1d997f1b4: ;   {no_reloc}
  0x000001c1d997f1b4: 0000 4533 | d20f 8553 | 0800 004c | 8b54 2448 | 458b 520c 

  0x000001c1d997f1c8: ; implicit exception: dispatches to 0x000001c1d997fe38
  0x000001c1d997f1c8: 458b 4a30 | 4585 c90f | 84c7 0700 | 004d 8bc1 | 488d 9c24 | 9000 0000 | 498b 00a8 | 020f 8523 
  0x000001c1d997f1e8: 0000 0048 | 83c8 0148 | 8903 f049 | 0fb1 180f | 8437 0000 | 0048 2bc4 | 4825 07f0 | ffff 4889 
  0x000001c1d997f208: 03e9 2400 | 0000 4c8b | d848 33c0 | f04d 0fb1 | 7b3e 48c7 | 0303 0000 | 0074 114c | 3bf8 7515 
  0x000001c1d997f228: 49ff 8386 | 0000 0048 | 33c0 7509 | 49ff 8748 | 0500 0033 | c00f 8556 | 0800 0041 | 8b6a 3485 
  0x000001c1d997f248: ed0f 8545 | 0a00 0041 | 8b5a 0c41 | 8b7a 2048 | 8d84 2490 | 0000 0048 | 8338 000f | 8479 0000 
  0x000001c1d997f268: 004d 8b10 | 41f6 c202 | 0f84 6200 | 0000 4983 | ba86 0000 | 0000 7409 | 49ff 8a86 | 0000 00eb 
  0x000001c1d997f288: 4b49 8b82 | 9600 0000 | 490b 828e | 0000 0075 | 0a49 c742 | 3e00 0000 | 00eb 3d49 | 83ba 9e00 
  0x000001c1d997f2a8: 0000 0074 | 2248 33c0 | 49c7 423e 

  0x000001c1d997f2b4: ;   {no_reloc}
  0x000001c1d997f2b4: 0000 0000 | f083 0424 | 0049 83ba | 9e00 0000 | 0075 0df0 | 4d0f b17a | 3e75 0583 | c801 eb0c 
  0x000001c1d997f2d4: a800 eb08 | 4c8b 10f0 | 4d0f b110 | 750a 49ff | 8f48 0500 | 0045 33d2 | 0f85 e607 | 0000 3bfb 
  0x000001c1d997f2f4: 0f84 b6fb | ffff 4c8b | 5424 4845 

  0x000001c1d997f300: ;   {metadata('org/apache/commons/compress/archivers/zip/StreamCompressor$OutputStreamCompressor')}
  0x000001c1d997f300: 8b5a 0841 | 81fb 40e5 | b801 0f85 | 9408 0000 | 4c89 5424 | 40e9 fb01 | 0000 488b | 7c24 3048 
  0x000001c1d997f320: 635c 2428 | 4801 5f10 | 488d 8424 | 9000 0000 | 4883 3800 | 0f84 7900 | 0000 4c8b | 1741 f6c2 
  0x000001c1d997f340: 020f 8462 | 0000 0049 | 83ba 8600 | 0000 0074 | 0949 ff8a | 8600 0000 | eb4b 498b | 8296 0000 
  0x000001c1d997f360: 0049 0b82 | 8e00 0000 | 750a 49c7 | 423e 0000 | 0000 eb3d | 4983 ba9e | 0000 0000 | 7422 4833 
  0x000001c1d997f380: c049 c742 | 3e00 0000 | 00f0 8304 | 2400 4983 | ba9e 0000 | 0000 750d | f04d 0fb1 | 7a3e 7505 
  0x000001c1d997f3a0: 83c8 01eb | 0ca8 00eb | 084c 8b10 | f04c 0fb1 | 1775 0a49 | ff8f 4805 | 0000 4533 | d20f 85a1 
  0x000001c1d997f3c0: 0700 004c | 8b54 2440 | 4901 5a20 | 4901 5a10 | 4c8b 5424 | 4845 8b42 | 0c4d 8b97 

  0x000001c1d997f3dc: ; ImmutableOopMap {r8=NarrowOop [64]=Oop [72]=Oop }
                      ;*goto {reexecute=1 rethrow=0 return_oop=0}
                      ; - (reexecute) org.apache.commons.compress.archivers.zip.StreamCompressor::deflateUntilInputIsNeeded@14 (line 222)
                      ; - org.apache.commons.compress.archivers.zip.StreamCompressor::writeDeflated@32 (line 326)
  0x000001c1d997f3dc: 5004 0000 

  0x000001c1d997f3e0: ;   {poll}
  0x000001c1d997f3e0: 4185 0245 | 8b58 3045 | 85db 0f84 | d404 0000 | 4d8b cb48 | 8d9c 2490 | 0000 0049 | 8b01 a802 
  0x000001c1d997f400: 0f85 2300 | 0000 4883 | c801 4889 | 03f0 490f | b119 0f84 | 3700 0000 | 482b c448 | 2507 f0ff 
  0x000001c1d997f420: ff48 8903 | e924 0000 | 004c 8bd0 | 4833 c0f0 | 4d0f b17a | 3e48 c703 | 0300 0000 | 7411 4c3b 
  0x000001c1d997f440: f875 1549 | ff82 8600 | 0000 4833 | c075 0949 | ff87 4805 | 0000 33c0 | 0f85 7e04 | 0000 418b 
  0x000001c1d997f460: 6834 85ed | 0f85 2207 | 0000 418b | 780c 418b | 7020 488d | 8424 9000 | 0000 4883 | 3800 0f84 
  0x000001c1d997f480: 7900 0000 | 4d8b 1141 | f6c2 020f | 8462 0000 | 0049 83ba | 8600 0000 | 0074 0949 | ff8a 8600 
  0x000001c1d997f4a0: 0000 eb4b | 498b 8296 | 0000 0049 | 0b82 8e00 | 0000 750a | 49c7 423e | 0000 0000 | eb3d 4983 
  0x000001c1d997f4c0: ba9e 0000 | 0000 7422 | 4833 c049 | c742 3e00 | 0000 00f0 | 8304 2400 | 4983 ba9e 

  0x000001c1d997f4dc: ;   {no_reloc}
  0x000001c1d997f4dc: 0000 0000 | 750d f04d | 0fb1 7a3e | 7505 83c8 | 01eb 0ca8 | 00eb 084c | 8b10 f04d | 0fb1 1175 
  0x000001c1d997f4fc: 0a49 ff8f | 4805 0000 | 4533 d20f | 8521 0400 | 003b f70f | 849b f9ff | ff4c 8b54 | 2448 458b 
  0x000001c1d997f51c: 5a2c 418b | 7b0c 458b | 420c 4585 | c00f 847a | 0300 0049 | 8bd0 4d8b | c345 33c9 

  0x000001c1d997f538: ;   {optimized virtual_call}
  0x000001c1d997f538: 33f6 90e8 

  0x000001c1d997f53c: ; ImmutableOopMap {[64]=Oop [72]=Oop }
                      ;*invokevirtual deflate {reexecute=0 rethrow=0 return_oop=0}
                      ; - java.util.zip.Deflater::deflate@5 (line 464)
                      ; - org.apache.commons.compress.archivers.zip.StreamCompressor::deflate@14 (line 196)
                      ; - org.apache.commons.compress.archivers.zip.StreamCompressor::deflateUntilInputIsNeeded@11 (line 222)
                      ; - org.apache.commons.compress.archivers.zip.StreamCompressor::writeDeflated@32 (line 326)
  0x000001c1d997f53c: c0ea ffff 

  0x000001c1d997f540: ;   {other}
  0x000001c1d997f540: 0f1f 8400 | 3009 0001 | 8944 2428 | 85c0 0f8e | 7cfe ffff | 4c8b 5424 | 4045 8b42 | 344c 8b54 
  0x000001c1d997f560: 2448 458b | 5a2c 458b 

  0x000001c1d997f568: ;   {metadata('org/apache/commons/compress/archivers/zip/FileRandomAccessOutputStream')}
  0x000001c1d997f568: 5008 4181 | fa78 3cb4 | 010f 8589 | 0500 0049 | 8bf8 488d | 9c24 9000 | 0000 488b | 07a8 020f 
  0x000001c1d997f588: 8523 0000 | 0048 83c8 | 0148 8903 | f048 0fb1 | 1f0f 8437 | 0000 0048 | 2bc4 4825 | 07f0 ffff 
  0x000001c1d997f5a8: 4889 03e9 | 2400 0000 | 4c8b d048 | 33c0 f04d | 0fb1 7a3e | 48c7 0303 | 0000 0074 | 114c 3bf8 
  0x000001c1d997f5c8: 7515 49ff | 8286 0000 | 0048 33c0 | 7509 49ff | 8748 0500 | 0033 c00f | 8537 0500 | 008b 5f0c 
  0x000001c1d997f5e8: 498b 87b8 | 0100 004c | 8bd0 4983 | c238 4d3b | 97c8 0100 | 000f 834c | 0200 004d | 8997 b801 
  0x000001c1d997f608: 0000 410f | 0d8a c000 | 0000 48c7 | 0001 0000 

  0x000001c1d997f618: ;   {metadata('java/nio/HeapByteBuffer')}
  0x000001c1d997f618: 00c7 4008 | 102f 1c00 | 4489 600c | 4c89 6010 | 4c89 6018 | 4c89 6020 | 4c89 6028 | 4c89 6030 
  0x000001c1d997f638: 4889 4424 | 5041 8b6b | 0c89 6820 | c740 0cff | ffff ff44 | 8d55 0144 | 8b44 2428 | 453b c20f 
  0x000001c1d997f658: 83eb 0600 | 0044 8940 | 1c41 83f8 | ff0f 8c11 | 0700 0044 | 8958 30c6 | 402d 0144 | 8860 2e4d 
  0x000001c1d997f678: 8bd3 4c8b | d84d 33d3 | 49c1 ea14 | 4d85 d274 | 1a49 c1eb | 0948 b900 | 008b e1c1 | 0100 0049 
  0x000001c1d997f698: 03cb 8039 | 020f 855e | 0100 004c | 8b54 2450 | 4589 6228 | 418b 6a1c | 49c7 4210 | 1000 0000 
  0x000001c1d997f6b8: 458b 5a18 | 443b dd0f | 8d5a fcff | ff44 8b43 

  0x000001c1d997f6c8: ;   {metadata('sun/nio/ch/FileChannelImpl')}
  0x000001c1d997f6c8: 0841 81f8 | 804a 0501 | 0f85 e204 | 0000 4c8b | d34c 8954 | 2438 6690 | 412b eb85 | ed7e 6248 
  0x000001c1d997f6e8: 8b54 2438 | 4c8b 4424 | 5048 897c | 2430 4889 

  0x000001c1d997f6f8: ;   {optimized virtual_call}
  0x000001c1d997f6f8: 7c24 58e8 

  0x000001c1d997f6fc: ; ImmutableOopMap {[48]=Oop [56]=Oop [64]=Oop [72]=Oop [80]=Oop [88]=Oop }
                      ;*invokeinterface write {reexecute=0 rethrow=0 return_oop=0}
                      ; - org.apache.commons.compress.archivers.zip.ZipIoUtil::writeAll@14 (line 67)
                      ; - org.apache.commons.compress.archivers.zip.FileRandomAccessOutputStream::write@10 (line 69)
                      ; - org.apache.commons.compress.archivers.zip.StreamCompressor$OutputStreamCompressor::writeOut@7 (line 69)
                      ; - org.apache.commons.compress.archivers.zip.StreamCompressor::writeCounted@4 (line 317)
                      ; - org.apache.commons.compress.archivers.zip.StreamCompressor::deflate@29 (line 198)
                      ; - org.apache.commons.compress.archivers.zip.StreamCompressor::deflateUntilInputIsNeeded@11 (line 222)
                      ; - org.apache.commons.compress.archivers.zip.StreamCompressor::writeDeflated@32 (line 326)
  0x000001c1d997f6fc: 4097 ffff 

  0x000001c1d997f700: ;   {other}
  0x000001c1d997f700: 0f1f 8400 | f00a 0002 | 85c0 0f84 | e804 0000 | 85c0 0f8c | 1405 0000 | 4d8b 8750 | 0400 0044 
  0x000001c1d997f720: 8b54 2428 | 4c8b 5c24 

  0x000001c1d997f728: ; ImmutableOopMap {r11=Oop [48]=Oop [56]=Oop [64]=Oop [72]=Oop [80]=Oop }
                      ;*goto {reexecute=1 rethrow=0 return_oop=0}
                      ; - (reexecute) org.apache.commons.compress.archivers.zip.ZipIoUtil::writeAll@79 (line 76)
                      ; - org.apache.commons.compress.archivers.zip.FileRandomAccessOutputStream::write@10 (line 69)
                      ; - org.apache.commons.compress.archivers.zip.StreamCompressor$OutputStreamCompressor::writeOut@7 (line 69)
                      ; - org.apache.commons.compress.archivers.zip.StreamCompressor::writeCounted@4 (line 317)
                      ; - org.apache.commons.compress.archivers.zip.StreamCompressor::deflate@29 (line 198)
                      ; - org.apache.commons.compress.archivers.zip.StreamCompressor::deflateUntilInputIsNeeded@11 (line 222)
                      ; - org.apache.commons.compress.archivers.zip.StreamCompressor::writeDeflated@32 (line 326)
                      ;   {poll}
  0x000001c1d997f728: 3041 8500 | 4c8b 5424 | 5041 8b6a | 1c45 8b5a | 1844 3bdd | 0f8d d8fb | ffff 488b | 7c24 30eb 
  0x000001c1d997f748: 9733 edeb | 9a44 8b57 | 3845 85d2 | 0f84 7ff9 | ffff 4d8b | 5f28 498b | ca4d 85db | 0f84 5f05 
  0x000001c1d997f768: 0000 4d8b | 5738 4b89 | 4c1a f849 | 83c3 f84d | 895f 28e9 | 59f9 ffff | 448b 5734 | 4585 d20f 
  0x000001c1d997f788: 8441 f9ff | ff4d 8b5f | 2849 8bca | 4d85 db0f | 840f 0500 | 004d 8b57 | 384b 894c | 1af8 4983 
  0x000001c1d997f7a8: c3f8 4d89 | 5f28 e91b | f9ff ff4d | 8b57 484d | 8b5f 58f0 | 8344 24c0 | 0080 3900 | 0f84 4ef9 
  0x000001c1d997f7c8: ffff 4488 | 214d 85d2 | 751d 498b | d749 ba40 | 13a9 0ffa | 7f00 0041 

  0x000001c1d997f7e0: ;   {other}
  0x000001c1d997f7e0: ffd2 0f1f | 8400 0000 | 0000 e929 | f9ff ff4b | 894c 13f8 | 4983 c2f8 | 4d89 5748 | e917 f9ff 
  0x000001c1d997f800: ff4d 8b57 | 484d 8b5f | 58f0 8344 | 24c0 0080 | 3900 0f84 | 8bfe ffff | 4488 214d | 85d2 751d 
  0x000001c1d997f820: 498b d749 | ba40 13a9 | 0ffa 7f00 | 0041 ffd2 

  0x000001c1d997f830: ;   {other}
  0x000001c1d997f830: 0f1f 8400 | 0000 0000 | e966 feff | ff4b 894c | 13f8 4983 | c2f8 4d89 | 5748 e954 | feff ff89 
  0x000001c1d997f850: 5c24 3848 | 897c 2430 | 4489 5c24 | 2c48 ff74 | 2440 488f | 4424 2048 | 8b6c 2448 

  0x000001c1d997f86c: ;   {metadata('java/nio/HeapByteBuffer')}
  0x000001c1d997f86c: 48ba 102f | 1c80 c101 

  0x000001c1d997f874: ;   {runtime_call _new_instance_Java}
  0x000001c1d997f874: 0000 90e8 

  0x000001c1d997f878: ; ImmutableOopMap {rbp=Oop [32]=Oop [44]=NarrowOop [48]=Oop [56]=NarrowOop }
                      ;*new {reexecute=0 rethrow=0 return_oop=1}
                      ; - java.nio.ByteBuffer::wrap@0 (line 436)
                      ; - org.apache.commons.compress.archivers.zip.FileRandomAccessOutputStream::write@7 (line 69)
                      ; - org.apache.commons.compress.archivers.zip.StreamCompressor$OutputStreamCompressor::writeOut@7 (line 69)
                      ; - org.apache.commons.compress.archivers.zip.StreamCompressor::writeCounted@4 (line 317)
                      ; - org.apache.commons.compress.archivers.zip.StreamCompressor::deflate@29 (line 198)
                      ; - org.apache.commons.compress.archivers.zip.StreamCompressor::deflateUntilInputIsNeeded@11 (line 222)
                      ; - org.apache.commons.compress.archivers.zip.StreamCompressor::writeDeflated@32 (line 326)
  0x000001c1d997f878: 84c5 13ff 

  0x000001c1d997f87c: ;   {other}
  0x000001c1d997f87c: 0f1f 8400 | 6c0c 0004 | 4889 6c24 | 4848 ff74 | 2420 488f | 4424 4044 | 8b5c 242c | 4c8b 5424 
  0x000001c1d997f89c: 308b 5c24 | 3849 8bfa | e98f fdff | ffba f6ff | ffff 418b | eb89 7c24 

  0x000001c1d997f8b4: ;   {runtime_call UncommonTrapBlob}
  0x000001c1d997f8b4: 2066 90e8 

  0x000001c1d997f8b8: ; ImmutableOopMap {rbp=NarrowOop }
                      ;*invokevirtual deflate {reexecute=0 rethrow=0 return_oop=0}
                      ; - org.apache.commons.compress.archivers.zip.StreamCompressor::deflate@14 (line 196)
                      ; - org.apache.commons.compress.archivers.zip.StreamCompressor::deflateUntilInputIsNeeded@11 (line 222)
                      ; - org.apache.commons.compress.archivers.zip.StreamCompressor::writeDeflated@32 (line 326)
  0x000001c1d997f8b8: 444d 07ff 

  0x000001c1d997f8bc: ;   {other}
  0x000001c1d997f8bc: 0f1f 8400 | ac0c 0005 | baf6 ffff | ff44 8944 

  0x000001c1d997f8cc: ;   {runtime_call UncommonTrapBlob}
  0x000001c1d997f8cc: 2420 90e8 

  0x000001c1d997f8d0: ; ImmutableOopMap {[32]=NarrowOop [72]=Oop }
                      ;*monitorenter {reexecute=0 rethrow=0 return_oop=0}
                      ; - java.util.zip.Deflater::needsInput@6 (line 418)
                      ; - org.apache.commons.compress.archivers.zip.StreamCompressor::deflateUntilInputIsNeeded@4 (line 221)
                      ; - org.apache.commons.compress.archivers.zip.StreamCompressor::writeDeflated@32 (line 326)
  0x000001c1d997f8d0: 2c4d 07ff 

  0x000001c1d997f8d4: ;   {other}
  0x000001c1d997f8d4: 0f1f 8400 | c40c 0006 | 4c89 4c24 | 3844 895c | 2434 48ff | 7424 4048 | 8f44 2428 | 498b e844 
  0x000001c1d997f8f4: 8944 2430 | 498b d14c | 8d84 2490 

  0x000001c1d997f900: ;   {runtime_call _complete_monitor_locking_Java}
  0x000001c1d997f900: 0000 00e8 

  0x000001c1d997f904: ; ImmutableOopMap {rbp=Oop [40]=Oop [48]=NarrowOop [52]=NarrowOop [56]=Oop [72]=Oop }
                      ;*monitorenter {reexecute=0 rethrow=0 return_oop=0}
                      ; - java.util.zip.Deflater::needsInput@6 (line 418)
                      ; - org.apache.commons.compress.archivers.zip.StreamCompressor::deflateUntilInputIsNeeded@4 (line 221)
                      ; - org.apache.commons.compress.archivers.zip.StreamCompressor::writeDeflated@32 (line 326)
  0x000001c1d997f904: 7810 1dff 

  0x000001c1d997f908: ;   {other}
  0x000001c1d997f908: 0f1f 8400 | f80c 0007 | 48ff 7424 | 2848 8f44 | 2440 448b | 4424 3044 | 8b5c 2434 | 4c8b 4c24 
  0x000001c1d997f928: 38e9 30fb | ffff 498b | c948 8d94 | 2490 0000 | 004d 8bc7 | 49ba e039 | ea0f fa7f | 0000 41ff 
  0x000001c1d997f948: ;   {other}
  0x000001c1d997f948: d20f 1f84 | 0000 0000 | 00e9 b7fb | ffff baf6 | ffff ff48 | 8b6c 2448 | 4489 4c24 

  0x000001c1d997f964: ;   {runtime_call UncommonTrapBlob}
  0x000001c1d997f964: 2866 90e8 

  0x000001c1d997f968: ; ImmutableOopMap {rbp=Oop [32]=Oop [80]=NarrowOop }
                      ;*monitorenter {reexecute=0 rethrow=0 return_oop=0}
                      ; - java.util.zip.Deflater::finished@6 (line 441)
                      ; - org.apache.commons.compress.archivers.zip.StreamCompressor::writeDeflated@8 (line 323)
  0x000001c1d997f968: 944c 07ff 

  0x000001c1d997f96c: ;   {other}
  0x000001c1d997f96c: 0f1f 8400 | 5c0d 0008 | baf6 ffff | ff48 8b6c | 2448 448b | 5424 3044 | 8954 2428 | 897c 2430 
  0x000001c1d997f98c: ;   {runtime_call UncommonTrapBlob}
  0x000001c1d997f98c: 6666 90e8 

  0x000001c1d997f990: ; ImmutableOopMap {rbp=Oop [32]=Oop [48]=NarrowOop }
                      ;*monitorenter {reexecute=0 rethrow=0 return_oop=0}
                      ; - java.util.zip.Deflater::setInput@18 (line 236)
                      ; - org.apache.commons.compress.archivers.zip.StreamCompressor::writeDeflated@28 (line 325)
  0x000001c1d997f990: 6c4c 07ff 

  0x000001c1d997f994: ;   {other}
  0x000001c1d997f994: 0f1f 8400 | 840d 0009 | baf6 ffff | ff44 8954 

  0x000001c1d997f9a4: ;   {runtime_call UncommonTrapBlob}
  0x000001c1d997f9a4: 2420 90e8 

  0x000001c1d997f9a8: ; ImmutableOopMap {[32]=NarrowOop [72]=Oop }
                      ;*monitorenter {reexecute=0 rethrow=0 return_oop=0}
                      ; - java.util.zip.Deflater::needsInput@6 (line 418)
                      ; - org.apache.commons.compress.archivers.zip.StreamCompressor::deflateUntilInputIsNeeded@4 (line 221)
                      ; - org.apache.commons.compress.archivers.zip.StreamCompressor::writeDeflated@32 (line 326)
  0x000001c1d997f9a8: 544c 07ff 

  0x000001c1d997f9ac: ;   {other}
  0x000001c1d997f9ac: 0f1f 8400 | 9c0d 000a | 448b 4424 | 5049 8be8 | 498b d24c | 8d84 2490 | 0000 004c | 8954 2440 
  0x000001c1d997f9cc: 4c89 5424 

  0x000001c1d997f9d0: ;   {runtime_call _complete_monitor_locking_Java}
  0x000001c1d997f9d0: 5866 90e8 

  0x000001c1d997f9d4: ; ImmutableOopMap {rbp=Oop [32]=Oop [64]=Oop [72]=Oop [80]=NarrowOop [88]=Oop }
                      ;*monitorenter {reexecute=0 rethrow=0 return_oop=0}
                      ; - java.util.zip.Deflater::finished@6 (line 441)
                      ; - org.apache.commons.compress.archivers.zip.StreamCompressor::writeDeflated@8 (line 323)
  0x000001c1d997f9d4: a80f 1dff 

  0x000001c1d997f9d8: ;   {other}
  0x000001c1d997f9d8: 0f1f 8400 | c80d 000b | 4c8b 5424 | 40e9 62f5 | ffff 498b | ca48 8d94 | 2490 0000 | 004d 8bc7 
  0x000001c1d997f9f8: 49ba e039 | ea0f fa7f | 0000 41ff 

  0x000001c1d997fa04: ;   {other}
  0x000001c1d997fa04: d20f 1f84 | 0000 0000 | 00e9 dff5 | ffff 498b | ce48 8d94 | 2490 0000 | 004d 8bc7 | 49ba e039 
  0x000001c1d997fa24: ea0f fa7f | 0000 41ff 

  0x000001c1d997fa2c: ;   {other}
  0x000001c1d997fa2c: d20f 1f84 | 0000 0000 | 00e9 85f7 | ffff 4c89 | 7424 4089 | 7c24 244c | 896c 2438 | 48ff 7424 
  0x000001c1d997fa4c: 4848 8f44 | 2428 4889 | 4424 f88b | 4424 3489 | 4424 2048 | 8b44 24f8 | 498b d64c | 8d84 2490 
  0x000001c1d997fa6c: ;   {runtime_call _complete_monitor_locking_Java}
  0x000001c1d997fa6c: 0000 00e8 

  0x000001c1d997fa70: ; ImmutableOopMap {rbp=Oop [36]=NarrowOop [40]=Oop [56]=Oop [64]=Oop }
                      ;*monitorenter {reexecute=0 rethrow=0 return_oop=0}
                      ; - java.util.zip.Deflater::setInput@18 (line 236)
                      ; - org.apache.commons.compress.archivers.zip.StreamCompressor::writeDeflated@28 (line 325)
  0x000001c1d997fa70: 0c0f 1dff 

  0x000001c1d997fa74: ;   {other}
  0x000001c1d997fa74: 0f1f 8400 | 640e 000c | 48ff 7424 | 2848 8f44 | 2448 4c8b | 6c24 388b | 7c24 244c | 8b74 2440 
  0x000001c1d997fa94: e92a f6ff | ff4c 8944 | 2430 4489 | 4c24 2c49 | 8bea 4489 | 5424 2849 | 8bd0 4c8d | 8424 9000 
  0x000001c1d997fab4: ;   {runtime_call _complete_monitor_locking_Java}
  0x000001c1d997fab4: 0000 90e8 

  0x000001c1d997fab8: ; ImmutableOopMap {rbp=Oop [40]=NarrowOop [44]=NarrowOop [48]=Oop [72]=Oop }
                      ;*monitorenter {reexecute=0 rethrow=0 return_oop=0}
                      ; - java.util.zip.Deflater::needsInput@6 (line 418)
                      ; - org.apache.commons.compress.archivers.zip.StreamCompressor::deflateUntilInputIsNeeded@4 (line 221)
                      ; - org.apache.commons.compress.archivers.zip.StreamCompressor::writeDeflated@32 (line 326)
  0x000001c1d997fab8: c40e 1dff 

  0x000001c1d997fabc: ;   {other}
  0x000001c1d997fabc: 0f1f 8400 | ac0e 000d | 448b 5424 | 2844 8b4c | 242c 4c8b | 4424 30e9 | 6bf7 ffff | 498b c848 
  0x000001c1d997fadc: 8d94 2490 | 0000 004d | 8bc7 49ba | e039 ea0f | fa7f 0000 

  0x000001c1d997faf0: ;   {other}
  0x000001c1d997faf0: 41ff d20f | 1f84 0000 | 0000 00e9 | f2f7 ffff | bade ffff | ff44 8944 | 242c 4489 

  0x000001c1d997fb0c: ;   {runtime_call UncommonTrapBlob}
  0x000001c1d997fb0c: 5c24 30e8 

  0x000001c1d997fb10: ; ImmutableOopMap {[44]=NarrowOop [48]=NarrowOop [64]=Oop [72]=Oop }
                      ;*invokevirtual write {reexecute=0 rethrow=0 return_oop=0}
                      ; - org.apache.commons.compress.archivers.zip.StreamCompressor$OutputStreamCompressor::writeOut@7 (line 69)
                      ; - org.apache.commons.compress.archivers.zip.StreamCompressor::writeCounted@4 (line 317)
                      ; - org.apache.commons.compress.archivers.zip.StreamCompressor::deflate@29 (line 198)
                      ; - org.apache.commons.compress.archivers.zip.StreamCompressor::deflateUntilInputIsNeeded@11 (line 222)
                      ; - org.apache.commons.compress.archivers.zip.StreamCompressor::writeDeflated@32 (line 326)
  0x000001c1d997fb10: ec4a 07ff 

  0x000001c1d997fb14: ;   {other}
  0x000001c1d997fb14: 0f1f 8400 | 040f 000e | 4889 7c24 | 3044 895c | 242c 48ff | 7424 4048 | 8f44 2420 | 488b d74c 
  0x000001c1d997fb34: 8d84 2490 

  0x000001c1d997fb38: ;   {runtime_call _complete_monitor_locking_Java}
  0x000001c1d997fb38: 0000 00e8 

  0x000001c1d997fb3c: ; ImmutableOopMap {[32]=Oop [44]=NarrowOop [48]=Oop [72]=Oop }
                      ;*synchronization entry
                      ; - org.apache.commons.compress.archivers.zip.FileRandomAccessOutputStream::write@-1 (line 69)
                      ; - org.apache.commons.compress.archivers.zip.StreamCompressor$OutputStreamCompressor::writeOut@7 (line 69)
                      ; - org.apache.commons.compress.archivers.zip.StreamCompressor::writeCounted@4 (line 317)
                      ; - org.apache.commons.compress.archivers.zip.StreamCompressor::deflate@29 (line 198)
                      ; - org.apache.commons.compress.archivers.zip.StreamCompressor::deflateUntilInputIsNeeded@11 (line 222)
                      ; - org.apache.commons.compress.archivers.zip.StreamCompressor::writeDeflated@32 (line 326)
  0x000001c1d997fb3c: 400e 1dff 

  0x000001c1d997fb40: ;   {other}
  0x000001c1d997fb40: 0f1f 8400 | 300f 000f | 48ff 7424 | 2048 8f44 | 2440 448b | 5c24 2c4c | 8b54 2430 | 498b fae9 
  0x000001c1d997fb60: 81fa ffff | 488b cf48 | 8d94 2490 | 0000 004d | 8bc7 49ba | e039 ea0f | fa7f 0000 

  0x000001c1d997fb7c: ;   {other}
  0x000001c1d997fb7c: 41ff d20f | 1f84 0000 | 0000 00e9 | 37f8 ffff | ba45 ffff | ff44 895c 

  0x000001c1d997fb94: ;   {runtime_call UncommonTrapBlob}
  0x000001c1d997fb94: 242c 90e8 

  0x000001c1d997fb98: ; ImmutableOopMap {rbp=NarrowOop [44]=NarrowOop [72]=Oop }
                      ;*ifnonnull {reexecute=1 rethrow=0 return_oop=0}
                      ; - (reexecute) java.util.zip.Deflater::needsInput@13 (line 420)
                      ; - org.apache.commons.compress.archivers.zip.StreamCompressor::deflateUntilInputIsNeeded@4 (line 221)
                      ; - org.apache.commons.compress.archivers.zip.StreamCompressor::writeDeflated@32 (line 326)
  0x000001c1d997fb98: 644a 07ff 

  0x000001c1d997fb9c: ;   {other}
  0x000001c1d997fb9c: 0f1f 8400 | 8c0f 0010 | babe ffff 

  0x000001c1d997fba8: ;   {runtime_call UncommonTrapBlob}
  0x000001c1d997fba8: ff66 90e8 

  0x000001c1d997fbac: ; ImmutableOopMap {[72]=Oop }
                      ;*ifne {reexecute=1 rethrow=0 return_oop=0}
                      ; - (reexecute) org.apache.commons.compress.archivers.zip.StreamCompressor::deflateUntilInputIsNeeded@7 (line 221)
                      ; - org.apache.commons.compress.archivers.zip.StreamCompressor::writeDeflated@32 (line 326)
  0x000001c1d997fbac: 504a 07ff 

  0x000001c1d997fbb0: ;   {other}
  0x000001c1d997fbb0: 0f1f 8400 | a00f 0011 | 458b d344 | 8bdd 33ed | 453b d340 | 0f9c c5ba | 76ff ffff | 48ff 7424 
  0x000001c1d997fbd0: 4848 8f44 | 2420 48ff | 7424 4048 | 8f44 2430 | 4889 7c24 | 4089 5c24 

  0x000001c1d997fbe8: ;   {runtime_call UncommonTrapBlob}
  0x000001c1d997fbe8: 4866 90e8 

  0x000001c1d997fbec: ; ImmutableOopMap {[32]=Oop [48]=Oop [64]=Oop [72]=NarrowOop [80]=Oop }
                      ;*ifeq {reexecute=1 rethrow=0 return_oop=0}
                      ; - (reexecute) org.apache.commons.compress.archivers.zip.ZipIoUtil::writeAll@4 (line 65)
                      ; - org.apache.commons.compress.archivers.zip.FileRandomAccessOutputStream::write@10 (line 69)
                      ; - org.apache.commons.compress.archivers.zip.StreamCompressor$OutputStreamCompressor::writeOut@7 (line 69)
                      ; - org.apache.commons.compress.archivers.zip.StreamCompressor::writeCounted@4 (line 317)
                      ; - org.apache.commons.compress.archivers.zip.StreamCompressor::deflate@29 (line 198)
                      ; - org.apache.commons.compress.archivers.zip.StreamCompressor::deflateUntilInputIsNeeded@11 (line 222)
                      ; - org.apache.commons.compress.archivers.zip.StreamCompressor::writeDeflated@32 (line 326)
  0x000001c1d997fbec: 104a 07ff 

  0x000001c1d997fbf0: ;   {other}
  0x000001c1d997fbf0: 0f1f 8400 | e00f 0012 | ba45 ffff | ff48 ff74 | 2448 488f | 4424 2048 | ff74 2440 | 488f 4424 
  0x000001c1d997fc10: 3048 ff74 | 2458 488f | 4424 4089 

  0x000001c1d997fc1c: ;   {runtime_call UncommonTrapBlob}
  0x000001c1d997fc1c: 4424 5ce8 

  0x000001c1d997fc20: ; ImmutableOopMap {[32]=Oop [48]=Oop [56]=Oop [64]=Oop [80]=Oop }
                      ;*ifne {reexecute=1 rethrow=0 return_oop=0}
                      ; - (reexecute) org.apache.commons.compress.archivers.zip.ZipIoUtil::writeAll@21 (line 68)
                      ; - org.apache.commons.compress.archivers.zip.FileRandomAccessOutputStream::write@10 (line 69)
                      ; - org.apache.commons.compress.archivers.zip.StreamCompressor$OutputStreamCompressor::writeOut@7 (line 69)
                      ; - org.apache.commons.compress.archivers.zip.StreamCompressor::writeCounted@4 (line 317)
                      ; - org.apache.commons.compress.archivers.zip.StreamCompressor::deflate@29 (line 198)
                      ; - org.apache.commons.compress.archivers.zip.StreamCompressor::deflateUntilInputIsNeeded@11 (line 222)
                      ; - org.apache.commons.compress.archivers.zip.StreamCompressor::writeDeflated@32 (line 326)
  0x000001c1d997fc20: dc49 07ff 

  0x000001c1d997fc24: ;   {other}
  0x000001c1d997fc24: 0f1f 8400 | 1410 0013 | ba45 ffff | ff48 ff74 | 2448 488f | 4424 2048 | ff74 2440 | 488f 4424 
  0x000001c1d997fc44: 3048 ff74 | 2458 488f | 4424 4089 

  0x000001c1d997fc50: ;   {runtime_call UncommonTrapBlob}
  0x000001c1d997fc50: 4424 54e8 

  0x000001c1d997fc54: ; ImmutableOopMap {[32]=Oop [48]=Oop [56]=Oop [64]=Oop }
                      ;*ifge {reexecute=1 rethrow=0 return_oop=0}
                      ; - (reexecute) org.apache.commons.compress.archivers.zip.ZipIoUtil::writeAll@31 (line 73)
                      ; - org.apache.commons.compress.archivers.zip.FileRandomAccessOutputStream::write@10 (line 69)
                      ; - org.apache.commons.compress.archivers.zip.StreamCompressor$OutputStreamCompressor::writeOut@7 (line 69)
                      ; - org.apache.commons.compress.archivers.zip.StreamCompressor::writeCounted@4 (line 317)
                      ; - org.apache.commons.compress.archivers.zip.StreamCompressor::deflate@29 (line 198)
                      ; - org.apache.commons.compress.archivers.zip.StreamCompressor::deflateUntilInputIsNeeded@11 (line 222)
                      ; - org.apache.commons.compress.archivers.zip.StreamCompressor::writeDeflated@32 (line 326)
  0x000001c1d997fc54: a849 07ff 

  0x000001c1d997fc58: ;   {other}
  0x000001c1d997fc58: 0f1f 8400 | 4810 0014 | ba45 ffff 

  0x000001c1d997fc64: ;   {runtime_call UncommonTrapBlob}
  0x000001c1d997fc64: ff66 90e8 

  0x000001c1d997fc68: ; ImmutableOopMap {}
                      ;*ifne {reexecute=1 rethrow=0 return_oop=0}
                      ; - (reexecute) org.apache.commons.compress.archivers.zip.StreamCompressor::writeDeflated@11 (line 323)
  0x000001c1d997fc68: 9449 07ff 

  0x000001c1d997fc6c: ;   {other}
  0x000001c1d997fc6c: 0f1f 8400 | 5c10 0015 | ba45 ffff | ff4c 896c | 2428 897c | 2440 4489 

  0x000001c1d997fc84: ;   {runtime_call UncommonTrapBlob}
  0x000001c1d997fc84: 4424 44e8 

  0x000001c1d997fc88: ; ImmutableOopMap {[40]=Oop [64]=NarrowOop [72]=Oop }
                      ;*iflt {reexecute=1 rethrow=0 return_oop=0}
                      ; - (reexecute) jdk.internal.util.Preconditions::checkFromIndexSize@5 (line 396)
                      ; - java.util.zip.Deflater::setInput@7 (line 235)
                      ; - org.apache.commons.compress.archivers.zip.StreamCompressor::writeDeflated@28 (line 325)
  0x000001c1d997fc88: 7449 07ff 

  0x000001c1d997fc8c: ;   {other}
  0x000001c1d997fc8c: 0f1f 8400 | 7c10 0016 | ba45 ffff | ff44 894c 

  0x000001c1d997fc9c: ;   {runtime_call UncommonTrapBlob}
  0x000001c1d997fc9c: 242c 90e8 

  0x000001c1d997fca0: ; ImmutableOopMap {rbp=NarrowOop [44]=NarrowOop [72]=Oop }
                      ;*ifnonnull {reexecute=1 rethrow=0 return_oop=0}
                      ; - (reexecute) java.util.zip.Deflater::needsInput@13 (line 420)
                      ; - org.apache.commons.compress.archivers.zip.StreamCompressor::deflateUntilInputIsNeeded@4 (line 221)
                      ; - org.apache.commons.compress.archivers.zip.StreamCompressor::writeDeflated@32 (line 326)
  0x000001c1d997fca0: 5c49 07ff 

  0x000001c1d997fca4: ;   {other}
  0x000001c1d997fca4: 0f1f 8400 | 9410 0017 | 498b d749 | ba60 13a9 | 0ffa 7f00 | 0041 ffd2 

  0x000001c1d997fcbc: ;   {other}
  0x000001c1d997fcbc: 0f1f 8400 | 0000 0000 | e905 f4ff | ff49 8bd7 | 49ba 6013 | a90f fa7f | 0000 41ff 

  0x000001c1d997fcd8: ;   {other}
  0x000001c1d997fcd8: d20f 1f84 | 0000 0000 | 00e9 f3f3 | ffff ba45 | ffff ff48 | 8b6c 2448 | 448b 5c24 | 3044 895c 
  0x000001c1d997fcf8: 2428 4889 | 4424 f88b | 4424 3489 | 4424 2c48 | 8b44 24f8 

  0x000001c1d997fd0c: ;   {runtime_call UncommonTrapBlob}
  0x000001c1d997fd0c: 6666 90e8 

  0x000001c1d997fd10: ; ImmutableOopMap {rbp=Oop [32]=Oop }
                      ;*if_icmpgt {reexecute=1 rethrow=0 return_oop=0}
                      ; - (reexecute) org.apache.commons.compress.archivers.zip.StreamCompressor::writeDeflated@18 (line 324)
  0x000001c1d997fd10: ec48 07ff 

  0x000001c1d997fd14: ;   {other}
  0x000001c1d997fd14: 0f1f 8400 | 0411 0018 | ba45 ffff | ff48 ff74 | 2448 488f | 4424 204c | 896c 2428 | 897c 2444 
  0x000001c1d997fd34: 4489 4424 

  0x000001c1d997fd38: ;   {runtime_call UncommonTrapBlob}
  0x000001c1d997fd38: 4866 90e8 

  0x000001c1d997fd3c: ; ImmutableOopMap {[32]=Oop [40]=Oop [68]=NarrowOop }
                      ;*if_icmple {reexecute=1 rethrow=0 return_oop=0}
                      ; - (reexecute) jdk.internal.util.Preconditions::checkFromIndexSize@12 (line 396)
                      ; - java.util.zip.Deflater::setInput@7 (line 235)
                      ; - org.apache.commons.compress.archivers.zip.StreamCompressor::writeDeflated@28 (line 325)
  0x000001c1d997fd3c: c048 07ff 

  0x000001c1d997fd40: ;   {other}
  0x000001c1d997fd40: 0f1f 8400 | 3011 0019 | ba3d ffff | ff48 ff74 | 2448 488f | 4424 2048 | ff74 2440 | 488f 4424 
  0x000001c1d997fd60: 3089 5c24 | 4048 897c | 2448 4489 

  0x000001c1d997fd6c: ;   {runtime_call UncommonTrapBlob}
  0x000001c1d997fd6c: 5c24 44e8 

  0x000001c1d997fd70: ; ImmutableOopMap {[32]=Oop [48]=Oop [64]=NarrowOop [68]=NarrowOop [72]=Oop [80]=Oop }
                      ;*if_icmple {reexecute=1 rethrow=0 return_oop=0}
                      ; - (reexecute) java.nio.Buffer::limit@5 (line 379)
                      ; - java.nio.ByteBuffer::limit@2 (line 1565)
                      ; - java.nio.ByteBuffer::limit@2 (line 285)
                      ; - java.nio.Buffer::<init>@39 (line 256)
                      ; - java.nio.ByteBuffer::<init>@8 (line 316)
                      ; - java.nio.HeapByteBuffer::<init>@12 (line 85)
                      ; - java.nio.ByteBuffer::wrap@8 (line 436)
                      ; - org.apache.commons.compress.archivers.zip.FileRandomAccessOutputStream::write@7 (line 69)
                      ; - org.apache.commons.compress.archivers.zip.StreamCompressor$OutputStreamCompressor::writeOut@7 (line 69)
                      ; - org.apache.commons.compress.archivers.zip.StreamCompressor::writeCounted@4 (line 317)
                      ; - org.apache.commons.compress.archivers.zip.StreamCompressor::deflate@29 (line 198)
                      ; - org.apache.commons.compress.archivers.zip.StreamCompressor::deflateUntilInputIsNeeded@11 (line 222)
                      ; - org.apache.commons.compress.archivers.zip.StreamCompressor::writeDeflated@32 (line 326)
  0x000001c1d997fd70: 8c48 07ff 

  0x000001c1d997fd74: ;   {other}
  0x000001c1d997fd74: 0f1f 8400 | 6411 001a | ba45 ffff | ff48 8b6c | 2448 48ff | 7424 4048 | 8f44 2420 | 895c 2438 
  0x000001c1d997fd94: 4889 7c24 | 4044 895c 

  0x000001c1d997fd9c: ;   {runtime_call UncommonTrapBlob}
  0x000001c1d997fd9c: 243c 90e8 

  0x000001c1d997fda0: ; ImmutableOopMap {rbp=Oop [32]=Oop [56]=NarrowOop [60]=NarrowOop [64]=Oop [80]=Oop }
                      ;*if_icmple {reexecute=1 rethrow=0 return_oop=0}
                      ; - (reexecute) java.nio.Buffer::limit@55 (line 383)
                      ; - java.nio.ByteBuffer::limit@2 (line 1565)
                      ; - java.nio.ByteBuffer::limit@2 (line 285)
                      ; - java.nio.Buffer::<init>@39 (line 256)
                      ; - java.nio.ByteBuffer::<init>@8 (line 316)
                      ; - java.nio.HeapByteBuffer::<init>@12 (line 85)
                      ; - java.nio.ByteBuffer::wrap@8 (line 436)
                      ; - org.apache.commons.compress.archivers.zip.FileRandomAccessOutputStream::write@7 (line 69)
                      ; - org.apache.commons.compress.archivers.zip.StreamCompressor$OutputStreamCompressor::writeOut@7 (line 69)
                      ; - org.apache.commons.compress.archivers.zip.StreamCompressor::writeCounted@4 (line 317)
                      ; - org.apache.commons.compress.archivers.zip.StreamCompressor::deflate@29 (line 198)
                      ; - org.apache.commons.compress.archivers.zip.StreamCompressor::deflateUntilInputIsNeeded@11 (line 222)
                      ; - org.apache.commons.compress.archivers.zip.StreamCompressor::writeDeflated@32 (line 326)
  0x000001c1d997fda0: 5c48 07ff 

  0x000001c1d997fda4: ;   {other}
  0x000001c1d997fda4: 0f1f 8400 | 9411 001b | baf6 ffff 

  0x000001c1d997fdb0: ;   {runtime_call UncommonTrapBlob}
  0x000001c1d997fdb0: ff66 90e8 

  0x000001c1d997fdb4: ; ImmutableOopMap {}
                      ;*arraylength {reexecute=0 rethrow=0 return_oop=0}
                      ; - org.apache.commons.compress.archivers.zip.StreamCompressor::deflate@13 (line 196)
                      ; - org.apache.commons.compress.archivers.zip.StreamCompressor::deflateUntilInputIsNeeded@11 (line 222)
                      ; - org.apache.commons.compress.archivers.zip.StreamCompressor::writeDeflated@32 (line 326)
  0x000001c1d997fdb4: 4848 07ff 

  0x000001c1d997fdb8: ;   {other}
  0x000001c1d997fdb8: 0f1f 8400 | a811 001c | baf6 ffff 

  0x000001c1d997fdc4: ;   {runtime_call UncommonTrapBlob}
  0x000001c1d997fdc4: ff66 90e8 

  0x000001c1d997fdc8: ; ImmutableOopMap {}
                      ;*invokevirtual needsInput {reexecute=0 rethrow=0 return_oop=0}
                      ; - org.apache.commons.compress.archivers.zip.StreamCompressor::deflateUntilInputIsNeeded@4 (line 221)
                      ; - org.apache.commons.compress.archivers.zip.StreamCompressor::writeDeflated@32 (line 326)
  0x000001c1d997fdc8: 3448 07ff 

  0x000001c1d997fdcc: ;   {other}
  0x000001c1d997fdcc: 0f1f 8400 | bc11 001d | baf6 ffff 

  0x000001c1d997fdd8: ;   {runtime_call UncommonTrapBlob}
  0x000001c1d997fdd8: ff66 90e8 

  0x000001c1d997fddc: ; ImmutableOopMap {}
                      ;*invokevirtual finished {reexecute=0 rethrow=0 return_oop=0}
                      ; - org.apache.commons.compress.archivers.zip.StreamCompressor::writeDeflated@8 (line 323)
  0x000001c1d997fddc: 2048 07ff 

  0x000001c1d997fde0: ;   {other}
  0x000001c1d997fde0: 0f1f 8400 | d011 001e | baf6 ffff | ff48 8b6c 

  0x000001c1d997fdf0: ;   {runtime_call UncommonTrapBlob}
  0x000001c1d997fdf0: 2420 90e8 

  0x000001c1d997fdf4: ; ImmutableOopMap {rbp=Oop }
                      ;*invokevirtual setInput {reexecute=0 rethrow=0 return_oop=0}
                      ; - org.apache.commons.compress.archivers.zip.StreamCompressor::writeDeflated@28 (line 325)
  0x000001c1d997fdf4: 0848 07ff 

  0x000001c1d997fdf8: ;   {other}
  0x000001c1d997fdf8: 0f1f 8400 | e811 001f | baf6 ffff | ff49 8bea | 448b 5424 | 3048 8944 | 24f8 8b44 | 2434 8944 
  0x000001c1d997fe18: 2424 488b | 4424 f844 | 8954 2428 | 897c 2430 

  0x000001c1d997fe28: ;   {runtime_call UncommonTrapBlob}
  0x000001c1d997fe28: 6666 90e8 

  0x000001c1d997fe2c: ; ImmutableOopMap {rbp=Oop [48]=NarrowOop }
                      ;*arraylength {reexecute=0 rethrow=0 return_oop=0}
                      ; - java.util.zip.Deflater::setInput@3 (line 235)
                      ; - org.apache.commons.compress.archivers.zip.StreamCompressor::writeDeflated@28 (line 325)
  0x000001c1d997fe2c: d047 07ff 

  0x000001c1d997fe30: ;   {other}
  0x000001c1d997fe30: 0f1f 8400 | 2012 0020 | baf6 ffff 

  0x000001c1d997fe3c: ;   {runtime_call UncommonTrapBlob}
  0x000001c1d997fe3c: ff66 90e8 

  0x000001c1d997fe40: ; ImmutableOopMap {}
                      ;*invokevirtual needsInput {reexecute=0 rethrow=0 return_oop=0}
                      ; - org.apache.commons.compress.archivers.zip.StreamCompressor::deflateUntilInputIsNeeded@4 (line 221)
                      ; - org.apache.commons.compress.archivers.zip.StreamCompressor::writeDeflated@32 (line 326)
  0x000001c1d997fe40: bc47 07ff 

  0x000001c1d997fe44: ;   {other}
  0x000001c1d997fe44: 0f1f 8400 | 3412 0021 | baf6 ffff | ff41 8beb 

  0x000001c1d997fe54: ;   {runtime_call UncommonTrapBlob}
  0x000001c1d997fe54: 6666 90e8 

  0x000001c1d997fe58: ; ImmutableOopMap {rbp=NarrowOop }
                      ;*invokevirtual write {reexecute=0 rethrow=0 return_oop=0}
                      ; - org.apache.commons.compress.archivers.zip.StreamCompressor$OutputStreamCompressor::writeOut@7 (line 69)
                      ; - org.apache.commons.compress.archivers.zip.StreamCompressor::writeCounted@4 (line 317)
                      ; - org.apache.commons.compress.archivers.zip.StreamCompressor::deflate@29 (line 198)
                      ; - org.apache.commons.compress.archivers.zip.StreamCompressor::deflateUntilInputIsNeeded@11 (line 222)
                      ; - org.apache.commons.compress.archivers.zip.StreamCompressor::writeDeflated@32 (line 326)
  0x000001c1d997fe58: a447 07ff 

  0x000001c1d997fe5c: ;   {other}
  0x000001c1d997fe5c: 0f1f 8400 | 4c12 0022 | baf6 ffff | ff48 8b6c | 2448 48ff | 7424 4048 | 8f44 2420 | 895c 2438 
  0x000001c1d997fe7c: 4889 7c24 

  0x000001c1d997fe80: ;   {runtime_call UncommonTrapBlob}
  0x000001c1d997fe80: 4066 90e8 

  0x000001c1d997fe84: ; ImmutableOopMap {rbp=Oop [32]=Oop [56]=NarrowOop [64]=Oop [80]=Oop }
                      ;*arraylength {reexecute=0 rethrow=0 return_oop=0}
                      ; - java.nio.HeapByteBuffer::<init>@7 (line 85)
                      ; - java.nio.ByteBuffer::wrap@8 (line 436)
                      ; - org.apache.commons.compress.archivers.zip.FileRandomAccessOutputStream::write@7 (line 69)
                      ; - org.apache.commons.compress.archivers.zip.StreamCompressor$OutputStreamCompressor::writeOut@7 (line 69)
                      ; - org.apache.commons.compress.archivers.zip.StreamCompressor::writeCounted@4 (line 317)
                      ; - org.apache.commons.compress.archivers.zip.StreamCompressor::deflate@29 (line 198)
                      ; - org.apache.commons.compress.archivers.zip.StreamCompressor::deflateUntilInputIsNeeded@11 (line 222)
                      ; - org.apache.commons.compress.archivers.zip.StreamCompressor::writeDeflated@32 (line 326)
  0x000001c1d997fe84: 7847 07ff 

  0x000001c1d997fe88: ;   {other}
  0x000001c1d997fe88: 0f1f 8400 | 7812 0023 | 488b d844 

  0x000001c1d997fe94: ;   {metadata('java/lang/IllegalArgumentException')}
  0x000001c1d997fe94: 8b58 0849 | ba00 ba06 | 80c1 0100 | 0049 b800 | 0000 80c1 | 0100 004d | 03c3 4d8b | 5850 4d3b 
  0x000001c1d997feb4: da0f 84ea | 0000 0048 | ff74 2430 | 488f 4424 | 58eb 0b48 | 8bd0 e9a2 | 0000 0048 | 8bd8 488d 
  0x000001c1d997fed4: 8424 9000 | 0000 4c8b | 5c24 5848 | 8338 000f | 8479 0000 | 004d 8b13 | 41f6 c202 | 0f84 6200 
  0x000001c1d997fef4: 0000 4983 | ba86 0000 | 0000 7409 | 49ff 8a86 | 0000 00eb | 4b49 8b82 | 9600 0000 | 490b 828e 
  0x000001c1d997ff14: 0000 0075 | 0a49 c742 | 3e00 0000 | 00eb 3d49 | 83ba 9e00 | 0000 0074 | 2248 33c0 | 49c7 423e 
  0x000001c1d997ff34: 0000 0000 | f083 0424 | 0049 83ba | 9e00 0000 | 0075 0df0 | 4d0f b17a | 3e75 0583 | c801 eb0c 
  0x000001c1d997ff54: a800 eb08 | 4c8b 10f0 | 4d0f b113 | 750a 49ff | 8f48 0500 | 0045 33d2 | 7510 488b | d348 81c4 
  0x000001c1d997ff74: a000 0000 

  0x000001c1d997ff78: ;   {runtime_call _rethrow_Java}
  0x000001c1d997ff78: 5de9 82ff | 1cff 488b | 4c24 5848 | 8d94 2490 | 0000 004d | 8bc7 49ba | e039 ea0f | fa7f 0000 
  0x000001c1d997ff98: ;   {other}
  0x000001c1d997ff98: 41ff d20f | 1f84 0000 | 0000 00eb | c9ba 3b00 

  0x000001c1d997ffa8: ;   {runtime_call UncommonTrapBlob}
  0x000001c1d997ffa8: 0000 90e8 

  0x000001c1d997ffac: ; ImmutableOopMap {rbp=Oop [32]=Oop [48]=Oop [56]=NarrowOop }
                      ;*new {reexecute=0 rethrow=0 return_oop=0}
                      ; - java.nio.ByteBuffer::wrap@13 (line 438)
                      ; - org.apache.commons.compress.archivers.zip.FileRandomAccessOutputStream::write@7 (line 69)
                      ; - org.apache.commons.compress.archivers.zip.StreamCompressor$OutputStreamCompressor::writeOut@7 (line 69)
                      ; - org.apache.commons.compress.archivers.zip.StreamCompressor::writeCounted@4 (line 317)
                      ; - org.apache.commons.compress.archivers.zip.StreamCompressor::deflate@29 (line 198)
                      ; - org.apache.commons.compress.archivers.zip.StreamCompressor::deflateUntilInputIsNeeded@11 (line 222)
                      ; - org.apache.commons.compress.archivers.zip.StreamCompressor::writeDeflated@32 (line 326)
  0x000001c1d997ffac: 5046 07ff 

  0x000001c1d997ffb0: ;   {other}
  0x000001c1d997ffb0: 0f1f 8400 | a013 0024 

  0x000001c1d997ffb8: ;   {internal_word}
  0x000001c1d997ffb8: 49ba b8ee | 97d9 c101 | 0000 4d89 | 9760 0400 

  0x000001c1d997ffc8: ;   {runtime_call SafepointBlob}
  0x000001c1d997ffc8: 00e9 3257 

  0x000001c1d997ffcc: ;   {runtime_call StubRoutines (final stubs)}
  0x000001c1d997ffcc: 07ff e88d | 4d05 ffe9 | c6ee ffff 
[Stub Code]
  0x000001c1d997ffd8: ;   {no_reloc}
  0x000001c1d997ffd8: 48bb 0000 | 0000 0000 

  0x000001c1d997ffe0: ;   {runtime_call nmethod}
  0x000001c1d997ffe0: 0000 e9fb 

  0x000001c1d997ffe4: ;   {static_stub}
  0x000001c1d997ffe4: ffff ff48 | bb00 0000 | 0000 0000 

  0x000001c1d997fff0: ;   {runtime_call nmethod}
  0x000001c1d997fff0: 00e9 fbff 

  0x000001c1d997fff4: ;   {runtime_call ExceptionBlob}
  0x000001c1d997fff4: ffff e985 | c713 ffe8 | 0000 0000 | 4883 2c24 

  0x000001c1d9980004: ;   {runtime_call DeoptimizationBlob}
  0x000001c1d9980004: 05e9 9649 | 07ff f4f4 | f4f4 f4f4 
[/MachCode]


---------------  P R O C E S S  ---------------

Threads class SMR info:
_java_thread_list=0x000001c1f6781a20, length=131, elements={
0x000001c1c8ead390, 0x000001c1e7e1d690, 0x000001c1e7e1e1e0, 0x000001c1e7e24f20,
0x000001c1e7e26c70, 0x000001c1e7e29100, 0x000001c1e7e29b50, 0x000001c1e7e35110,
0x000001c1e7e42f90, 0x000001c1e7f2e860, 0x000001c1e80a9f40, 0x000001c1edcae960,
0x000001c1eead2f30, 0x000001c1eea99ef0, 0x000001c1ee87cb70, 0x000001c1ee6942e0,
0x000001c1eec038b0, 0x000001c1eebf8220, 0x000001c1eedb53e0, 0x000001c1eedb81d0,
0x000001c1eedb6100, 0x000001c1eedb74b0, 0x000001c1eedb8860, 0x000001c1eedb5a70,
0x000001c1eedb6790, 0x000001c1eedb6e20, 0x000001c1eedb7b40, 0x000001c1f27b1750,
0x000001c1f27b03a0, 0x000001c1f27ae960, 0x000001c1f27aeff0, 0x000001c1f27ae2d0,
0x000001c1f27b1de0, 0x000001c1f27b2470, 0x000001c1f27b10c0, 0x000001c1f27b2b00,
0x000001c1f27af680, 0x000001c1f27b58f0, 0x000001c1f27b3190, 0x000001c1f27b3eb0,
0x000001c1f27b3820, 0x000001c1f27b4540, 0x000001c1f27b4bd0, 0x000001c1f27b5260,
0x000001c1f20bb800, 0x000001c1f20b8a10, 0x000001c1f20b8380, 0x000001c1f20b9dc0,
0x000001c1f20baae0, 0x000001c1f20ba450, 0x000001c1f20b90a0, 0x000001c1f20bcbb0,
0x000001c1f20bbe90, 0x000001c1f20b9730, 0x000001c1f20bc520, 0x000001c1f20bdf60,
0x000001c1f20bb170, 0x000001c1f20bd8d0, 0x000001c1f20be5f0, 0x000001c1f20bf9a0,
0x000001c1f20bd240, 0x000001c1eee76810, 0x000001c1eee73a20, 0x000001c1eee740b0,
0x000001c1eee74740, 0x000001c1eee75af0, 0x000001c1eee73390, 0x000001c1eee77530,
0x000001c1eee78250, 0x000001c1eee74dd0, 0x000001c1eee76180, 0x000001c1eee77bc0,
0x000001c1eee76ea0, 0x000001c1eee7a320, 0x000001c1eee78f70, 0x000001c1eee79600,
0x000001c1eee7a9b0, 0x000001c1f2687790, 0x000001c1f26884b0, 0x000001c1f2688b40,
0x000001c1f26863e0, 0x000001c1f26891d0, 0x000001c1f2689860, 0x000001c1f2687e20,
0x000001c1f2686a70, 0x000001c1f2687100, 0x000001c1f476dbf0, 0x000001c1f476e280,
0x000001c1f476e910, 0x000001c1f476efa0, 0x000001c1f476f630, 0x000001c1f4770350,
0x000001c1f47709e0, 0x000001c1f476d560, 0x000001c1f4771700, 0x000001c1f4771070,
0x000001c1f4773140, 0x000001c1f4774b80, 0x000001c1f4771d90, 0x000001c1f4772ab0,
0x000001c1f4773e60, 0x000001c1f47737d0, 0x000001c1f4772420, 0x000001c1f47744f0,
0x000001c1f26068b0, 0x000001c1f2606f40, 0x000001c1f26075d0, 0x000001c1f2607c60,
0x000001c1f26082f0, 0x000001c1f2608980, 0x000001c1f2609010, 0x000001c1f2605b90,
0x000001c1f2606220, 0x000001c1f260be00, 0x000001c1f260b0e0, 0x000001c1f260a3c0,
0x000001c1f260b770, 0x000001c1f260c490, 0x000001c1f260cb20, 0x000001c1f260aa50,
0x000001c1f26096a0, 0x000001c1f260d1b0, 0x000001c1f2609d30, 0x000001c1f0efbc40,
0x000001c1e827a520, 0x000001c1e8277730, 0x000001c1e8279800, 0x000001c1f52b8b10,
0x000001c1f52bdcd0, 0x000001c1f52bb3f0, 0x000001c1f52bf140
}

Java Threads: ( => current thread )
  0x000001c1c8ead390 JavaThread "main"                              [_thread_blocked, id=32116, stack(0x00000082beb00000,0x00000082bec00000) (1024K)]
  0x000001c1e7e1d690 JavaThread "Reference Handler"          daemon [_thread_blocked, id=24696, stack(0x00000082bf300000,0x00000082bf400000) (1024K)]
  0x000001c1e7e1e1e0 JavaThread "Finalizer"                  daemon [_thread_blocked, id=500, stack(0x00000082bf400000,0x00000082bf500000) (1024K)]
  0x000001c1e7e24f20 JavaThread "Signal Dispatcher"          daemon [_thread_blocked, id=48656, stack(0x00000082bf500000,0x00000082bf600000) (1024K)]
  0x000001c1e7e26c70 JavaThread "Attach Listener"            daemon [_thread_blocked, id=46108, stack(0x00000082bf600000,0x00000082bf700000) (1024K)]
  0x000001c1e7e29100 JavaThread "Service Thread"             daemon [_thread_blocked, id=42264, stack(0x00000082bf700000,0x00000082bf800000) (1024K)]
  0x000001c1e7e29b50 JavaThread "Monitor Deflation Thread"   daemon [_thread_blocked, id=30052, stack(0x00000082bf800000,0x00000082bf900000) (1024K)]
  0x000001c1e7e35110 JavaThread "C2 CompilerThread0"         daemon [_thread_blocked, id=31568, stack(0x00000082bf900000,0x00000082bfa00000) (1024K)]
  0x000001c1e7e42f90 JavaThread "C1 CompilerThread0"         daemon [_thread_blocked, id=45760, stack(0x00000082bfa00000,0x00000082bfb00000) (1024K)]
  0x000001c1e7f2e860 JavaThread "Common-Cleaner"             daemon [_thread_blocked, id=48280, stack(0x00000082bfc00000,0x00000082bfd00000) (1024K)]
  0x000001c1e80a9f40 JavaThread "Notification Thread"        daemon [_thread_blocked, id=39776, stack(0x00000082bfe00000,0x00000082bff00000) (1024K)]
  0x000001c1edcae960 JavaThread "Daemon health stats"               [_thread_blocked, id=43048, stack(0x00000082c0d00000,0x00000082c0e00000) (1024K)]
  0x000001c1eead2f30 JavaThread "Incoming local TCP Connector on port 58279"        [_thread_in_native, id=46208, stack(0x00000082c0e00000,0x00000082c0f00000) (1024K)]
  0x000001c1eea99ef0 JavaThread "Daemon periodic checks"            [_thread_blocked, id=38972, stack(0x00000082c0f00000,0x00000082c1000000) (1024K)]
  0x000001c1ee87cb70 JavaThread "Daemon"                            [_thread_blocked, id=46304, stack(0x00000082c1000000,0x00000082c1100000) (1024K)]
  0x000001c1ee6942e0 JavaThread "Handler for socket connection from /127.0.0.1:58279 to /127.0.0.1:58280"        [_thread_in_native, id=43032, stack(0x00000082c1100000,0x00000082c1200000) (1024K)]
  0x000001c1eec038b0 JavaThread "Cancel handler"                    [_thread_blocked, id=34496, stack(0x00000082c1200000,0x00000082c1300000) (1024K)]
  0x000001c1eebf8220 JavaThread "Daemon worker"                     [_thread_blocked, id=4592, stack(0x00000082c1300000,0x00000082c1400000) (1024K)]
  0x000001c1eedb53e0 JavaThread "Asynchronous log dispatcher for DefaultDaemonConnection: socket connection from /127.0.0.1:58279 to /127.0.0.1:58280"        [_thread_blocked, id=48856, stack(0x00000082c1400000,0x00000082c1500000) (1024K)]
  0x000001c1eedb81d0 JavaThread "Stdin handler"                     [_thread_blocked, id=46764, stack(0x00000082c1500000,0x00000082c1600000) (1024K)]
  0x000001c1eedb6100 JavaThread "Daemon client event forwarder"        [_thread_blocked, id=48556, stack(0x00000082c1600000,0x00000082c1700000) (1024K)]
  0x000001c1eedb74b0 JavaThread "Cache worker for journal cache (C:\Users\mason\.gradle\caches\journal-1)"        [_thread_blocked, id=43040, stack(0x00000082c1700000,0x00000082c1800000) (1024K)]
  0x000001c1eedb8860 JavaThread "File lock request listener"        [_thread_in_native, id=36344, stack(0x00000082c1800000,0x00000082c1900000) (1024K)]
  0x000001c1eedb5a70 JavaThread "Cache worker for file hash cache (C:\Users\mason\.gradle\caches\9.7.1\fileHashes)"        [_thread_blocked, id=12244, stack(0x00000082c1900000,0x00000082c1a00000) (1024K)]
  0x000001c1eedb6790 JavaThread "Cache worker for file hash cache (C:\Users\mason\IdeaProjects\Wilderness-Odyssey-API\.gradle\9.7.1\fileHashes)"        [_thread_blocked, id=29856, stack(0x00000082c2d00000,0x00000082c2e00000) (1024K)]
  0x000001c1eedb6e20 JavaThread "Cache worker for Build Output Cleanup Cache (C:\Users\mason\IdeaProjects\Wilderness-Odyssey-API\.gradle\buildOutputCleanup)"        [_thread_blocked, id=46664, stack(0x00000082c2e00000,0x00000082c2f00000) (1024K)]
  0x000001c1eedb7b40 JavaThread "File watcher server"        daemon [_thread_in_native, id=14144, stack(0x00000082c2f00000,0x00000082c3000000) (1024K)]
  0x000001c1f27b1750 JavaThread "File watcher consumer"      daemon [_thread_blocked, id=28368, stack(0x00000082c3000000,0x00000082c3100000) (1024K)]
  0x000001c1f27b03a0 JavaThread "Cache worker for file content cache (C:\Users\mason\.gradle\caches\9.7.1\fileContent)"        [_thread_blocked, id=47344, stack(0x00000082c3100000,0x00000082c3200000) (1024K)]
  0x000001c1f27ae960 JavaThread "Cache worker for checksums cache (C:\Users\mason\IdeaProjects\Wilderness-Odyssey-API\.gradle\9.7.1\checksums)"        [_thread_blocked, id=47316, stack(0x00000082c3200000,0x00000082c3300000) (1024K)]
  0x000001c1f27aeff0 JavaThread "Cache worker for cache directory md-supplier (C:\Users\mason\.gradle\caches\9.7.1\md-supplier)"        [_thread_blocked, id=10396, stack(0x00000082c3300000,0x00000082c3400000) (1024K)]
  0x000001c1f27ae2d0 JavaThread "Cache worker for cache directory md-rule (C:\Users\mason\.gradle\caches\9.7.1\md-rule)"        [_thread_blocked, id=30960, stack(0x00000082c3400000,0x00000082c3500000) (1024K)]
  0x000001c1f27b1de0 JavaThread "jar transforms"                    [_thread_blocked, id=6436, stack(0x00000082c3500000,0x00000082c3600000) (1024K)]
  0x000001c1f27b2470 JavaThread "jar transforms Thread 2"           [_thread_blocked, id=20104, stack(0x00000082c3600000,0x00000082c3700000) (1024K)]
  0x000001c1f27b10c0 JavaThread "jar transforms Thread 3"           [_thread_blocked, id=36100, stack(0x00000082c3800000,0x00000082c3900000) (1024K)]
  0x000001c1f27b2b00 JavaThread "Build operations"                  [_thread_blocked, id=18284, stack(0x00000082c3900000,0x00000082c3a00000) (1024K)]
  0x000001c1f27af680 JavaThread "Build operations Thread 2"         [_thread_blocked, id=48672, stack(0x00000082c3a00000,0x00000082c3b00000) (1024K)]
  0x000001c1f27b58f0 JavaThread "Build operations Thread 3"         [_thread_blocked, id=40576, stack(0x00000082c3b00000,0x00000082c3c00000) (1024K)]
  0x000001c1f27b3190 JavaThread "Build operations Thread 4"         [_thread_blocked, id=23924, stack(0x00000082c3c00000,0x00000082c3d00000) (1024K)]
  0x000001c1f27b3eb0 JavaThread "Build operations Thread 5"         [_thread_blocked, id=40652, stack(0x00000082c3d00000,0x00000082c3e00000) (1024K)]
  0x000001c1f27b3820 JavaThread "Build operations Thread 6"         [_thread_blocked, id=10412, stack(0x00000082c3e00000,0x00000082c3f00000) (1024K)]
  0x000001c1f27b4540 JavaThread "Build operations Thread 7"         [_thread_blocked, id=23868, stack(0x00000082c3f00000,0x00000082c4000000) (1024K)]
  0x000001c1f27b4bd0 JavaThread "Build operations Thread 8"         [_thread_blocked, id=43252, stack(0x00000082c4000000,0x00000082c4100000) (1024K)]
  0x000001c1f27b5260 JavaThread "Build operations Thread 9"         [_thread_blocked, id=35952, stack(0x00000082c4100000,0x00000082c4200000) (1024K)]
  0x000001c1f20bb800 JavaThread "Build operations Thread 10"        [_thread_blocked, id=44616, stack(0x00000082c4200000,0x00000082c4300000) (1024K)]
  0x000001c1f20b8a10 JavaThread "Build operations Thread 11"        [_thread_blocked, id=44036, stack(0x00000082c4300000,0x00000082c4400000) (1024K)]
  0x000001c1f20b8380 JavaThread "Build operations Thread 12"        [_thread_blocked, id=42692, stack(0x00000082c4400000,0x00000082c4500000) (1024K)]
  0x000001c1f20b9dc0 JavaThread "Build operations Thread 13"        [_thread_blocked, id=47732, stack(0x00000082c4500000,0x00000082c4600000) (1024K)]
  0x000001c1f20baae0 JavaThread "Build operations Thread 14"        [_thread_blocked, id=49100, stack(0x00000082c4600000,0x00000082c4700000) (1024K)]
  0x000001c1f20ba450 JavaThread "Build operations Thread 15"        [_thread_blocked, id=48852, stack(0x00000082c4700000,0x00000082c4800000) (1024K)]
  0x000001c1f20b90a0 JavaThread "Build operations Thread 16"        [_thread_blocked, id=48752, stack(0x00000082c4800000,0x00000082c4900000) (1024K)]
  0x000001c1f20bcbb0 JavaThread "Build operations Thread 17"        [_thread_blocked, id=48148, stack(0x00000082c4900000,0x00000082c4a00000) (1024K)]
  0x000001c1f20bbe90 JavaThread "Build operations Thread 18"        [_thread_blocked, id=39524, stack(0x00000082c4a00000,0x00000082c4b00000) (1024K)]
  0x000001c1f20b9730 JavaThread "Build operations Thread 19"        [_thread_blocked, id=35728, stack(0x00000082c4b00000,0x00000082c4c00000) (1024K)]
  0x000001c1f20bc520 JavaThread "Build operations Thread 20"        [_thread_blocked, id=48048, stack(0x00000082c4c00000,0x00000082c4d00000) (1024K)]
  0x000001c1f20bdf60 JavaThread "jar transforms Thread 4"           [_thread_blocked, id=41364, stack(0x00000082c4d00000,0x00000082c4e00000) (1024K)]
  0x000001c1f20bb170 JavaThread "jar transforms Thread 5"           [_thread_blocked, id=40660, stack(0x00000082c4e00000,0x00000082c4f00000) (1024K)]
  0x000001c1f20bd8d0 JavaThread "Build operations Thread 21"        [_thread_blocked, id=46876, stack(0x00000082c4f00000,0x00000082c5000000) (1024K)]
  0x000001c1f20be5f0 JavaThread "Build operations Thread 22"        [_thread_blocked, id=8092, stack(0x00000082c5000000,0x00000082c5100000) (1024K)]
  0x000001c1f20bf9a0 JavaThread "Build operations Thread 23"        [_thread_blocked, id=43336, stack(0x00000082c5100000,0x00000082c5200000) (1024K)]
  0x000001c1f20bd240 JavaThread "jar transforms Thread 6"           [_thread_blocked, id=29732, stack(0x00000082c5200000,0x00000082c5300000) (1024K)]
  0x000001c1eee76810 JavaThread "jar transforms Thread 7"           [_thread_blocked, id=5060, stack(0x00000082c5300000,0x00000082c5400000) (1024K)]
  0x000001c1eee73a20 JavaThread "Build operations Thread 24"        [_thread_blocked, id=44948, stack(0x00000082c5400000,0x00000082c5500000) (1024K)]
  0x000001c1eee740b0 JavaThread "Build operations Thread 25"        [_thread_blocked, id=45564, stack(0x00000082c5500000,0x00000082c5600000) (1024K)]
  0x000001c1eee74740 JavaThread "Build operations Thread 26"        [_thread_blocked, id=17496, stack(0x00000082c5600000,0x00000082c5700000) (1024K)]
  0x000001c1eee75af0 JavaThread "Build operations Thread 27"        [_thread_blocked, id=40548, stack(0x00000082c5700000,0x00000082c5800000) (1024K)]
  0x000001c1eee73390 JavaThread "Build operations Thread 28"        [_thread_blocked, id=29504, stack(0x00000082c5800000,0x00000082c5900000) (1024K)]
  0x000001c1eee77530 JavaThread "Build operations Thread 29"        [_thread_blocked, id=38900, stack(0x00000082c5900000,0x00000082c5a00000) (1024K)]
  0x000001c1eee78250 JavaThread "Build operations Thread 30"        [_thread_blocked, id=17836, stack(0x00000082c5a00000,0x00000082c5b00000) (1024K)]
  0x000001c1eee74dd0 JavaThread "Build operations Thread 31"        [_thread_blocked, id=40240, stack(0x00000082c5b00000,0x00000082c5c00000) (1024K)]
  0x000001c1eee76180 JavaThread "Build operations Thread 32"        [_thread_blocked, id=18664, stack(0x00000082c5c00000,0x00000082c5d00000) (1024K)]
  0x000001c1eee77bc0 JavaThread "Memory manager"                    [_thread_blocked, id=44380, stack(0x00000082c5d00000,0x00000082c5e00000) (1024K)]
  0x000001c1eee76ea0 JavaThread "jar transforms Thread 8"           [_thread_blocked, id=46584, stack(0x00000082c5e00000,0x00000082c5f00000) (1024K)]
  0x000001c1eee7a320 JavaThread "jar transforms Thread 9"           [_thread_blocked, id=47840, stack(0x00000082c5f00000,0x00000082c6000000) (1024K)]
  0x000001c1eee78f70 JavaThread "jar transforms Thread 10"          [_thread_blocked, id=18464, stack(0x00000082c6000000,0x00000082c6100000) (1024K)]
  0x000001c1eee79600 JavaThread "jar transforms Thread 11"          [_thread_blocked, id=47164, stack(0x00000082c6100000,0x00000082c6200000) (1024K)]
  0x000001c1eee7a9b0 JavaThread "jar transforms Thread 12"          [_thread_blocked, id=39208, stack(0x00000082c6200000,0x00000082c6300000) (1024K)]
  0x000001c1f2687790 JavaThread "ForkJoinPool.commonPool-worker-1" daemon [_thread_blocked, id=35448, stack(0x00000082c6300000,0x00000082c6400000) (1024K)]
  0x000001c1f26884b0 JavaThread "ForkJoinPool.commonPool-worker-2" daemon [_thread_blocked, id=37700, stack(0x00000082c6400000,0x00000082c6500000) (1024K)]
  0x000001c1f2688b40 JavaThread "ForkJoinPool.commonPool-worker-3" daemon [_thread_blocked, id=47936, stack(0x00000082c6500000,0x00000082c6600000) (1024K)]
  0x000001c1f26863e0 JavaThread "ForkJoinPool.commonPool-worker-4" daemon [_thread_blocked, id=25856, stack(0x00000082c6600000,0x00000082c6700000) (1024K)]
  0x000001c1f26891d0 JavaThread "ForkJoinPool.commonPool-worker-5" daemon [_thread_blocked, id=23940, stack(0x00000082c6700000,0x00000082c6800000) (1024K)]
  0x000001c1f2689860 JavaThread "ForkJoinPool.commonPool-worker-6" daemon [_thread_blocked, id=48092, stack(0x00000082c6800000,0x00000082c6900000) (1024K)]
  0x000001c1f2687e20 JavaThread "ForkJoinPool.commonPool-worker-7" daemon [_thread_blocked, id=15632, stack(0x00000082c6900000,0x00000082c6a00000) (1024K)]
  0x000001c1f2686a70 JavaThread "ForkJoinPool.commonPool-worker-8" daemon [_thread_blocked, id=16512, stack(0x00000082c6a00000,0x00000082c6b00000) (1024K)]
  0x000001c1f2687100 JavaThread "ForkJoinPool.commonPool-worker-9" daemon [_thread_blocked, id=43508, stack(0x00000082c6b00000,0x00000082c6c00000) (1024K)]
  0x000001c1f476dbf0 JavaThread "ForkJoinPool.commonPool-worker-10" daemon [_thread_blocked, id=47892, stack(0x00000082c6c00000,0x00000082c6d00000) (1024K)]
  0x000001c1f476e280 JavaThread "ForkJoinPool.commonPool-worker-11" daemon [_thread_blocked, id=45112, stack(0x00000082c6d00000,0x00000082c6e00000) (1024K)]
  0x000001c1f476e910 JavaThread "Exec process"               daemon [_thread_blocked, id=21752, stack(0x00000082c6e00000,0x00000082c6f00000) (1024K)]
  0x000001c1f476efa0 JavaThread "Exec process Thread 2"      daemon [_thread_blocked, id=28128, stack(0x00000082c6f00000,0x00000082c7000000) (1024K)]
  0x000001c1f476f630 JavaThread "Exec process Thread 3"      daemon [_thread_blocked, id=3880, stack(0x00000082c7000000,0x00000082c7100000) (1024K)]
=>0x000001c1f4770350 JavaThread "included builds"                   [_thread_in_native, id=25980, stack(0x00000082c1c00000,0x00000082c1d00000) (1024K)]
  0x000001c1f47709e0 JavaThread "Execution worker"                  [_thread_blocked, id=47516, stack(0x00000082c3700000,0x00000082c3800000) (1024K)]
  0x000001c1f476d560 JavaThread "Execution worker Thread 2"         [_thread_blocked, id=33240, stack(0x00000082c7100000,0x00000082c7200000) (1024K)]
  0x000001c1f4771700 JavaThread "Execution worker Thread 3"         [_thread_blocked, id=48760, stack(0x00000082c7200000,0x00000082c7300000) (1024K)]
  0x000001c1f4771070 JavaThread "Execution worker Thread 4"         [_thread_blocked, id=47016, stack(0x00000082c7300000,0x00000082c7400000) (1024K)]
  0x000001c1f4773140 JavaThread "Execution worker Thread 5"         [_thread_blocked, id=45616, stack(0x00000082c7400000,0x00000082c7500000) (1024K)]
  0x000001c1f4774b80 JavaThread "Execution worker Thread 6"         [_thread_blocked, id=42208, stack(0x00000082c7500000,0x00000082c7600000) (1024K)]
  0x000001c1f4771d90 JavaThread "Execution worker Thread 7"         [_thread_blocked, id=30192, stack(0x00000082c7600000,0x00000082c7700000) (1024K)]
  0x000001c1f4772ab0 JavaThread "Execution worker Thread 8"         [_thread_blocked, id=42992, stack(0x00000082c7700000,0x00000082c7800000) (1024K)]
  0x000001c1f4773e60 JavaThread "Execution worker Thread 9"         [_thread_blocked, id=36616, stack(0x00000082c7800000,0x00000082c7900000) (1024K)]
  0x000001c1f47737d0 JavaThread "Execution worker Thread 10"        [_thread_blocked, id=44416, stack(0x00000082c7900000,0x00000082c7a00000) (1024K)]
  0x000001c1f4772420 JavaThread "Execution worker Thread 11"        [_thread_blocked, id=44236, stack(0x00000082c7a00000,0x00000082c7b00000) (1024K)]
  0x000001c1f47744f0 JavaThread "Execution worker Thread 12"        [_thread_blocked, id=35548, stack(0x00000082c7b00000,0x00000082c7c00000) (1024K)]
  0x000001c1f26068b0 JavaThread "Execution worker Thread 13"        [_thread_blocked, id=46848, stack(0x00000082c7c00000,0x00000082c7d00000) (1024K)]
  0x000001c1f2606f40 JavaThread "Execution worker Thread 14"        [_thread_blocked, id=44988, stack(0x00000082c7d00000,0x00000082c7e00000) (1024K)]
  0x000001c1f26075d0 JavaThread "Execution worker Thread 15"        [_thread_blocked, id=44720, stack(0x00000082c7e00000,0x00000082c7f00000) (1024K)]
  0x000001c1f2607c60 JavaThread "Execution worker Thread 16"        [_thread_blocked, id=44176, stack(0x00000082c7f00000,0x00000082c8000000) (1024K)]
  0x000001c1f26082f0 JavaThread "Execution worker Thread 17"        [_thread_blocked, id=46456, stack(0x00000082c8000000,0x00000082c8100000) (1024K)]
  0x000001c1f2608980 JavaThread "Execution worker Thread 18"        [_thread_blocked, id=39572, stack(0x00000082c8100000,0x00000082c8200000) (1024K)]
  0x000001c1f2609010 JavaThread "Execution worker Thread 19"        [_thread_blocked, id=45752, stack(0x00000082c8200000,0x00000082c8300000) (1024K)]
  0x000001c1f2605b90 JavaThread "Execution worker Thread 20"        [_thread_blocked, id=45780, stack(0x00000082c8300000,0x00000082c8400000) (1024K)]
  0x000001c1f2606220 JavaThread "Execution worker Thread 21"        [_thread_blocked, id=10796, stack(0x00000082c8400000,0x00000082c8500000) (1024K)]
  0x000001c1f260be00 JavaThread "Execution worker Thread 22"        [_thread_blocked, id=15696, stack(0x00000082c8500000,0x00000082c8600000) (1024K)]
  0x000001c1f260b0e0 JavaThread "Execution worker Thread 23"        [_thread_blocked, id=45152, stack(0x00000082c8600000,0x00000082c8700000) (1024K)]
  0x000001c1f260a3c0 JavaThread "Execution worker Thread 24"        [_thread_blocked, id=20228, stack(0x00000082c8700000,0x00000082c8800000) (1024K)]
  0x000001c1f260b770 JavaThread "Execution worker Thread 25"        [_thread_blocked, id=40628, stack(0x00000082c8800000,0x00000082c8900000) (1024K)]
  0x000001c1f260c490 JavaThread "Execution worker Thread 26"        [_thread_blocked, id=48964, stack(0x00000082c8900000,0x00000082c8a00000) (1024K)]
  0x000001c1f260cb20 JavaThread "Execution worker Thread 27"        [_thread_blocked, id=28348, stack(0x00000082c8a00000,0x00000082c8b00000) (1024K)]
  0x000001c1f260aa50 JavaThread "Execution worker Thread 28"        [_thread_blocked, id=20116, stack(0x00000082c8b00000,0x00000082c8c00000) (1024K)]
  0x000001c1f26096a0 JavaThread "Execution worker Thread 29"        [_thread_blocked, id=48548, stack(0x00000082c8c00000,0x00000082c8d00000) (1024K)]
  0x000001c1f260d1b0 JavaThread "Execution worker Thread 30"        [_thread_blocked, id=15364, stack(0x00000082c8d00000,0x00000082c8e00000) (1024K)]
  0x000001c1f2609d30 JavaThread "Execution worker Thread 31"        [_thread_blocked, id=35460, stack(0x00000082c8e00000,0x00000082c8f00000) (1024K)]
  0x000001c1f0efbc40 JavaThread "Cache worker for execution history cache (C:\Users\mason\IdeaProjects\Wilderness-Odyssey-API\.gradle\9.7.1\executionHistory)"        [_thread_blocked, id=39464, stack(0x00000082c8f00000,0x00000082c9000000) (1024K)]
  0x000001c1e827a520 JavaThread "Exec process"                      [_thread_blocked, id=48604, stack(0x00000082c9600000,0x00000082c9700000) (1024K)]
  0x000001c1e8277730 JavaThread "Exec process Thread 2"             [_thread_blocked, id=44580, stack(0x00000082c9700000,0x00000082c9800000) (1024K)]
  0x000001c1e8279800 JavaThread "Exec process Thread 3"             [_thread_blocked, id=1516, stack(0x00000082c9800000,0x00000082c9900000) (1024K)]
  0x000001c1f52b8b10 JavaThread "C1 CompilerThread1"         daemon [_thread_blocked, id=19536, stack(0x00000082bfd00000,0x00000082bfe00000) (1024K)]
  0x000001c1f52bdcd0 JavaThread "C1 CompilerThread2"         daemon [_thread_blocked, id=10628, stack(0x00000082bff00000,0x00000082c0000000) (1024K)]
  0x000001c1f52bb3f0 JavaThread "C1 CompilerThread3"         daemon [_thread_blocked, id=36860, stack(0x00000082c1b00000,0x00000082c1c00000) (1024K)]
  0x000001c1f52bf140 JavaThread "C1 CompilerThread4"         daemon [_thread_blocked, id=7564, stack(0x00000082c9000000,0x00000082c9100000) (1024K)]
Total: 131

Other Threads:
  0x000001c1e7dfbb00 VMThread "VM Thread"                           [id=45888, stack(0x00000082bf200000,0x00000082bf300000) (1024K)]
  0x000001c1e7de9880 WatcherThread "VM Periodic Task Thread"        [id=37548, stack(0x00000082bf100000,0x00000082bf200000) (1024K)]
  0x000001c1c8f09e60 WorkerThread "GC Thread#0"                     [id=37340, stack(0x00000082bec00000,0x00000082bed00000) (1024K)]
  0x000001c1e86a5110 WorkerThread "GC Thread#1"                     [id=40988, stack(0x00000082c0000000,0x00000082c0100000) (1024K)]
  0x000001c1e86a54b0 WorkerThread "GC Thread#2"                     [id=15640, stack(0x00000082c0100000,0x00000082c0200000) (1024K)]
  0x000001c1ed5f81b0 WorkerThread "GC Thread#3"                     [id=13412, stack(0x00000082c0200000,0x00000082c0300000) (1024K)]
  0x000001c1ed5f8550 WorkerThread "GC Thread#4"                     [id=46684, stack(0x00000082c0300000,0x00000082c0400000) (1024K)]
  0x000001c1ed5f88f0 WorkerThread "GC Thread#5"                     [id=28632, stack(0x00000082c0400000,0x00000082c0500000) (1024K)]
  0x000001c1e81d2d60 WorkerThread "GC Thread#6"                     [id=47648, stack(0x00000082c0500000,0x00000082c0600000) (1024K)]
  0x000001c1e81d3100 WorkerThread "GC Thread#7"                     [id=46224, stack(0x00000082c0600000,0x00000082c0700000) (1024K)]
  0x000001c1e81d34a0 WorkerThread "GC Thread#8"                     [id=47552, stack(0x00000082c0700000,0x00000082c0800000) (1024K)]
  0x000001c1ed97c4b0 WorkerThread "GC Thread#9"                     [id=46020, stack(0x00000082c0800000,0x00000082c0900000) (1024K)]
  0x000001c1ed97d460 WorkerThread "GC Thread#10"                    [id=45324, stack(0x00000082c0900000,0x00000082c0a00000) (1024K)]
  0x000001c1edab1180 WorkerThread "GC Thread#11"                    [id=47168, stack(0x00000082c0a00000,0x00000082c0b00000) (1024K)]
  0x000001c1edab0de0 WorkerThread "GC Thread#12"                    [id=48404, stack(0x00000082c1d00000,0x00000082c1e00000) (1024K)]
  0x000001c1edab0a40 WorkerThread "GC Thread#13"                    [id=48224, stack(0x00000082c1e00000,0x00000082c1f00000) (1024K)]
  0x000001c1edab06a0 WorkerThread "GC Thread#14"                    [id=44048, stack(0x00000082c1f00000,0x00000082c2000000) (1024K)]
  0x000001c1edab1c60 WorkerThread "GC Thread#15"                    [id=41064, stack(0x00000082c2000000,0x00000082c2100000) (1024K)]
  0x000001c1eeeb5480 WorkerThread "GC Thread#16"                    [id=40572, stack(0x00000082c2100000,0x00000082c2200000) (1024K)]
  0x000001c1eeeb8ae0 WorkerThread "GC Thread#17"                    [id=46408, stack(0x00000082c2200000,0x00000082c2300000) (1024K)]
  0x000001c1eeeb7180 WorkerThread "GC Thread#18"                    [id=47616, stack(0x00000082c2300000,0x00000082c2400000) (1024K)]
  0x000001c1eeeb5bc0 WorkerThread "GC Thread#19"                    [id=47272, stack(0x00000082c2400000,0x00000082c2500000) (1024K)]
  0x000001c1eeeb6a40 WorkerThread "GC Thread#20"                    [id=38784, stack(0x00000082c2500000,0x00000082c2600000) (1024K)]
  0x000001c1eeeb5820 WorkerThread "GC Thread#21"                    [id=29532, stack(0x00000082c2600000,0x00000082c2700000) (1024K)]
  0x000001c1eeeb7c60 WorkerThread "GC Thread#22"                    [id=12148, stack(0x00000082c2700000,0x00000082c2800000) (1024K)]
  0x000001c1c8f1ae10 ConcurrentGCThread "G1 Main Marker"            [id=29912, stack(0x00000082bed00000,0x00000082bee00000) (1024K)]
  0x000001c1c8f1c6a0 WorkerThread "G1 Conc#0"                       [id=43828, stack(0x00000082bee00000,0x00000082bef00000) (1024K)]
  0x000001c1eeeb7520 WorkerThread "G1 Conc#1"                       [id=45116, stack(0x00000082c2800000,0x00000082c2900000) (1024K)]
  0x000001c1eeeb78c0 WorkerThread "G1 Conc#2"                       [id=48344, stack(0x00000082c2900000,0x00000082c2a00000) (1024K)]
  0x000001c1eeeb8000 WorkerThread "G1 Conc#3"                       [id=43816, stack(0x00000082c2a00000,0x00000082c2b00000) (1024K)]
  0x000001c1eeeb5f60 WorkerThread "G1 Conc#4"                       [id=48896, stack(0x00000082c2b00000,0x00000082c2c00000) (1024K)]
  0x000001c1eeeb50e0 WorkerThread "G1 Conc#5"                       [id=43612, stack(0x00000082c2c00000,0x00000082c2d00000) (1024K)]
  0x000001c1e7cc2410 ConcurrentGCThread "G1 Refine#0"               [id=45804, stack(0x00000082bef00000,0x00000082bf000000) (1024K)]
  0x000001c1e6834740 ConcurrentGCThread "G1 Service"                [id=45284, stack(0x00000082bf000000,0x00000082bf100000) (1024K)]
Total: 34

Threads with active compile tasks:
Total: 0

VM state: not at safepoint (normal execution)

VM Mutex/Monitor currently owned by a thread: None

Heap address: 0x0000000080000000, size: 2048 MB, Compressed Oops mode: 32-bit

CDS archive(s) mapped at: [0x000001c180000000-0x000001c180c80000-0x000001c180c80000), size 13107200, SharedBaseAddress: 0x000001c180000000, ArchiveRelocationMode: 1.
Compressed class space mapped at: 0x000001c181000000-0x000001c1c1000000, reserved size: 1073741824
Narrow klass base: 0x000001c180000000, Narrow klass shift: 0, Narrow klass range: 0x100000000

GC Precious Log:
 CardTable entry size: 512
 Card Set container configuration: InlinePtr #cards 5 size 8 Array Of Cards #cards 12 size 40 Howl #buckets 4 coarsen threshold 1843 Howl Bitmap #cards 512 size 80 coarsen threshold 460 Card regions per heap region 1 cards per card region 2048
 CPUs: 32 total, 32 available
 Memory: 32456M
 Large Page Support: Disabled
 NUMA Support: Disabled
 Compressed Oops: Enabled (32-bit)
 Heap Region Size: 1M
 Heap Min Capacity: 8M
 Heap Initial Capacity: 508M
 Heap Max Capacity: 2G
 Pre-touch: Disabled
 Parallel Workers: 23
 Concurrent Workers: 6
 Concurrent Refinement Workers: 23
 Periodic GC: Disabled

Heap:
 garbage-first heap   total 181248K, used 160626K [0x0000000080000000, 0x0000000100000000)
  region size 1024K, 80 young (81920K), 5 survivors (5120K)
 Metaspace       used 77001K, committed 79616K, reserved 1179648K
  class space    used 11119K, committed 12416K, reserved 1048576K

Heap Regions: E=young(eden), S=young(survivor), O=old, HS=humongous(starts), HC=humongous(continues), CS=collection set, F=free, TAMS=top-at-mark-start, PB=parsable bottom
|   0|0x0000000080000000, 0x0000000080100000, 0x0000000080100000|100%|HS|  |TAMS 0x0000000080000000| PB 0x0000000080000000| Complete 
|   1|0x0000000080100000, 0x0000000080200000, 0x0000000080200000|100%|HC|  |TAMS 0x0000000080100000| PB 0x0000000080100000| Complete 
|   2|0x0000000080200000, 0x0000000080300000, 0x0000000080300000|100%|HC|  |TAMS 0x0000000080200000| PB 0x0000000080200000| Complete 
|   3|0x0000000080300000, 0x0000000080400000, 0x0000000080400000|100%|HC|  |TAMS 0x0000000080300000| PB 0x0000000080300000| Complete 
|   4|0x0000000080400000, 0x0000000080500000, 0x0000000080500000|100%| O|  |TAMS 0x0000000080400000| PB 0x0000000080400000| Untracked 
|   5|0x0000000080500000, 0x0000000080600000, 0x0000000080600000|100%| O|  |TAMS 0x0000000080500000| PB 0x0000000080500000| Untracked 
|   6|0x0000000080600000, 0x0000000080700000, 0x0000000080700000|100%| O|  |TAMS 0x0000000080600000| PB 0x0000000080600000| Untracked 
|   7|0x0000000080700000, 0x0000000080800000, 0x0000000080800000|100%|HS|  |TAMS 0x0000000080700000| PB 0x0000000080700000| Complete 
|   8|0x0000000080800000, 0x0000000080900000, 0x0000000080900000|100%| O|  |TAMS 0x0000000080800000| PB 0x0000000080800000| Untracked 
|   9|0x0000000080900000, 0x0000000080a00000, 0x0000000080a00000|100%| O|  |TAMS 0x0000000080900000| PB 0x0000000080900000| Untracked 
|  10|0x0000000080a00000, 0x0000000080b00000, 0x0000000080b00000|100%| O|  |TAMS 0x0000000080a00000| PB 0x0000000080a00000| Untracked 
|  11|0x0000000080b00000, 0x0000000080c00000, 0x0000000080c00000|100%| O|  |TAMS 0x0000000080b00000| PB 0x0000000080b00000| Untracked 
|  12|0x0000000080c00000, 0x0000000080d00000, 0x0000000080d00000|100%| O|  |TAMS 0x0000000080c00000| PB 0x0000000080c00000| Untracked 
|  13|0x0000000080d00000, 0x0000000080e00000, 0x0000000080e00000|100%| O|  |TAMS 0x0000000080d00000| PB 0x0000000080d00000| Untracked 
|  14|0x0000000080e00000, 0x0000000080f00000, 0x0000000080f00000|100%| O|  |TAMS 0x0000000080e00000| PB 0x0000000080e00000| Untracked 
|  15|0x0000000080f00000, 0x0000000081000000, 0x0000000081000000|100%| O|  |TAMS 0x0000000080f00000| PB 0x0000000080f00000| Untracked 
|  16|0x0000000081000000, 0x0000000081100000, 0x0000000081100000|100%| O|  |TAMS 0x0000000081000000| PB 0x0000000081000000| Untracked 
|  17|0x0000000081100000, 0x0000000081200000, 0x0000000081200000|100%| O|  |TAMS 0x0000000081100000| PB 0x0000000081100000| Untracked 
|  18|0x0000000081200000, 0x0000000081300000, 0x0000000081300000|100%| O|  |TAMS 0x0000000081200000| PB 0x0000000081200000| Untracked 
|  19|0x0000000081300000, 0x0000000081400000, 0x0000000081400000|100%| O|  |TAMS 0x0000000081300000| PB 0x0000000081300000| Untracked 
|  20|0x0000000081400000, 0x0000000081500000, 0x0000000081500000|100%| O|  |TAMS 0x0000000081400000| PB 0x0000000081400000| Untracked 
|  21|0x0000000081500000, 0x0000000081600000, 0x0000000081600000|100%| O|  |TAMS 0x0000000081500000| PB 0x0000000081500000| Untracked 
|  22|0x0000000081600000, 0x0000000081700000, 0x0000000081700000|100%| O|  |TAMS 0x0000000081600000| PB 0x0000000081600000| Untracked 
|  23|0x0000000081700000, 0x0000000081800000, 0x0000000081800000|100%| O|  |TAMS 0x0000000081700000| PB 0x0000000081700000| Untracked 
|  24|0x0000000081800000, 0x0000000081900000, 0x0000000081900000|100%| O|  |TAMS 0x0000000081800000| PB 0x0000000081800000| Untracked 
|  25|0x0000000081900000, 0x0000000081a00000, 0x0000000081a00000|100%| O|  |TAMS 0x0000000081900000| PB 0x0000000081900000| Untracked 
|  26|0x0000000081a00000, 0x0000000081b00000, 0x0000000081b00000|100%| O|Cm|TAMS 0x0000000081a00000| PB 0x0000000081a00000| Complete 
|  27|0x0000000081b00000, 0x0000000081c00000, 0x0000000081c00000|100%| O|  |TAMS 0x0000000081b00000| PB 0x0000000081b00000| Untracked 
|  28|0x0000000081c00000, 0x0000000081d00000, 0x0000000081d00000|100%|HS|  |TAMS 0x0000000081c00000| PB 0x0000000081c00000| Complete 
|  29|0x0000000081d00000, 0x0000000081e00000, 0x0000000081e00000|100%| O|  |TAMS 0x0000000081d00000| PB 0x0000000081d00000| Untracked 
|  30|0x0000000081e00000, 0x0000000081f00000, 0x0000000081f00000|100%| O|  |TAMS 0x0000000081e00000| PB 0x0000000081e00000| Untracked 
|  31|0x0000000081f00000, 0x0000000082000000, 0x0000000082000000|100%| O|  |TAMS 0x0000000081f00000| PB 0x0000000081f00000| Untracked 
|  32|0x0000000082000000, 0x0000000082100000, 0x0000000082100000|100%| O|  |TAMS 0x0000000082000000| PB 0x0000000082000000| Untracked 
|  33|0x0000000082100000, 0x0000000082200000, 0x0000000082200000|100%| O|  |TAMS 0x0000000082100000| PB 0x0000000082100000| Untracked 
|  34|0x0000000082200000, 0x0000000082300000, 0x0000000082300000|100%| O|  |TAMS 0x0000000082200000| PB 0x0000000082200000| Untracked 
|  35|0x0000000082300000, 0x0000000082400000, 0x0000000082400000|100%| O|  |TAMS 0x0000000082300000| PB 0x0000000082300000| Untracked 
|  36|0x0000000082400000, 0x0000000082500000, 0x0000000082500000|100%| O|  |TAMS 0x0000000082400000| PB 0x0000000082400000| Untracked 
|  37|0x0000000082500000, 0x0000000082600000, 0x0000000082600000|100%| O|  |TAMS 0x0000000082500000| PB 0x0000000082500000| Untracked 
|  38|0x0000000082600000, 0x0000000082700000, 0x0000000082700000|100%| O|  |TAMS 0x0000000082600000| PB 0x0000000082600000| Untracked 
|  39|0x0000000082700000, 0x0000000082800000, 0x0000000082800000|100%| O|  |TAMS 0x0000000082700000| PB 0x0000000082700000| Untracked 
|  40|0x0000000082800000, 0x0000000082900000, 0x0000000082900000|100%| O|  |TAMS 0x0000000082800000| PB 0x0000000082800000| Untracked 
|  41|0x0000000082900000, 0x0000000082a00000, 0x0000000082a00000|100%| O|  |TAMS 0x0000000082900000| PB 0x0000000082900000| Untracked 
|  42|0x0000000082a00000, 0x0000000082b00000, 0x0000000082b00000|100%| O|  |TAMS 0x0000000082a00000| PB 0x0000000082a00000| Untracked 
|  43|0x0000000082b00000, 0x0000000082c00000, 0x0000000082c00000|100%| O|  |TAMS 0x0000000082b00000| PB 0x0000000082b00000| Untracked 
|  44|0x0000000082c00000, 0x0000000082d00000, 0x0000000082d00000|100%| O|  |TAMS 0x0000000082c00000| PB 0x0000000082c00000| Untracked 
|  45|0x0000000082d00000, 0x0000000082e00000, 0x0000000082e00000|100%| O|  |TAMS 0x0000000082d00000| PB 0x0000000082d00000| Untracked 
|  46|0x0000000082e00000, 0x0000000082f00000, 0x0000000082f00000|100%| O|  |TAMS 0x0000000082e00000| PB 0x0000000082e00000| Untracked 
|  47|0x0000000082f00000, 0x0000000083000000, 0x0000000083000000|100%| O|  |TAMS 0x0000000082f00000| PB 0x0000000082f00000| Untracked 
|  48|0x0000000083000000, 0x0000000083100000, 0x0000000083100000|100%| O|  |TAMS 0x0000000083000000| PB 0x0000000083000000| Untracked 
|  49|0x0000000083100000, 0x0000000083200000, 0x0000000083200000|100%| O|Cm|TAMS 0x0000000083100000| PB 0x0000000083100000| Complete 
|  50|0x0000000083200000, 0x0000000083200000, 0x0000000083300000|  0%| F|  |TAMS 0x0000000083200000| PB 0x0000000083200000| Untracked 
|  51|0x0000000083300000, 0x0000000083400000, 0x0000000083400000|100%| O|  |TAMS 0x0000000083300000| PB 0x0000000083300000| Untracked 
|  52|0x0000000083400000, 0x0000000083500000, 0x0000000083500000|100%| O|  |TAMS 0x0000000083400000| PB 0x0000000083400000| Untracked 
|  53|0x0000000083500000, 0x0000000083600000, 0x0000000083600000|100%| O|  |TAMS 0x0000000083500000| PB 0x0000000083500000| Untracked 
|  54|0x0000000083600000, 0x0000000083700000, 0x0000000083700000|100%| O|  |TAMS 0x0000000083600000| PB 0x0000000083600000| Untracked 
|  55|0x0000000083700000, 0x0000000083800000, 0x0000000083800000|100%| O|  |TAMS 0x0000000083700000| PB 0x0000000083700000| Untracked 
|  56|0x0000000083800000, 0x0000000083900000, 0x0000000083900000|100%| O|  |TAMS 0x0000000083800000| PB 0x0000000083800000| Untracked 
|  57|0x0000000083900000, 0x0000000083a00000, 0x0000000083a00000|100%| O|  |TAMS 0x0000000083900000| PB 0x0000000083900000| Untracked 
|  58|0x0000000083a00000, 0x0000000083b00000, 0x0000000083b00000|100%| O|  |TAMS 0x0000000083a00000| PB 0x0000000083a00000| Untracked 
|  59|0x0000000083b00000, 0x0000000083c00000, 0x0000000083c00000|100%| O|  |TAMS 0x0000000083b00000| PB 0x0000000083b00000| Untracked 
|  60|0x0000000083c00000, 0x0000000083d00000, 0x0000000083d00000|100%| O|  |TAMS 0x0000000083c00000| PB 0x0000000083c00000| Untracked 
|  61|0x0000000083d00000, 0x0000000083e00000, 0x0000000083e00000|100%| O|  |TAMS 0x0000000083d00000| PB 0x0000000083d00000| Untracked 
|  62|0x0000000083e00000, 0x0000000083f00000, 0x0000000083f00000|100%| O|  |TAMS 0x0000000083e00000| PB 0x0000000083e00000| Untracked 
|  63|0x0000000083f00000, 0x0000000083f00000, 0x0000000084000000|  0%| F|  |TAMS 0x0000000083f00000| PB 0x0000000083f00000| Untracked 
|  64|0x0000000084000000, 0x0000000084100000, 0x0000000084100000|100%| O|  |TAMS 0x0000000084000000| PB 0x0000000084000000| Untracked 
|  65|0x0000000084100000, 0x0000000084200000, 0x0000000084200000|100%| O|  |TAMS 0x0000000084100000| PB 0x0000000084100000| Untracked 
|  66|0x0000000084200000, 0x0000000084300000, 0x0000000084300000|100%| O|  |TAMS 0x0000000084200000| PB 0x0000000084200000| Untracked 
|  67|0x0000000084300000, 0x0000000084400000, 0x0000000084400000|100%| O|  |TAMS 0x0000000084300000| PB 0x0000000084300000| Untracked 
|  68|0x0000000084400000, 0x0000000084500000, 0x0000000084500000|100%| O|  |TAMS 0x0000000084400000| PB 0x0000000084400000| Untracked 
|  69|0x0000000084500000, 0x0000000084600000, 0x0000000084600000|100%| O|  |TAMS 0x0000000084500000| PB 0x0000000084500000| Untracked 
|  70|0x0000000084600000, 0x0000000084700000, 0x0000000084700000|100%| O|  |TAMS 0x0000000084600000| PB 0x0000000084600000| Untracked 
|  71|0x0000000084700000, 0x0000000084800000, 0x0000000084800000|100%| O|  |TAMS 0x0000000084700000| PB 0x0000000084700000| Untracked 
|  72|0x0000000084800000, 0x0000000084900000, 0x0000000084900000|100%| O|  |TAMS 0x0000000084800000| PB 0x0000000084800000| Untracked 
|  73|0x0000000084900000, 0x0000000084a00000, 0x0000000084a00000|100%| O|  |TAMS 0x0000000084900000| PB 0x0000000084900000| Untracked 
|  74|0x0000000084a00000, 0x0000000084b00000, 0x0000000084b00000|100%| O|  |TAMS 0x0000000084a00000| PB 0x0000000084a00000| Untracked 
|  75|0x0000000084b00000, 0x0000000084c00000, 0x0000000084c00000|100%| O|  |TAMS 0x0000000084b00000| PB 0x0000000084b00000| Untracked 
|  76|0x0000000084c00000, 0x0000000084d00000, 0x0000000084d00000|100%| O|  |TAMS 0x0000000084c00000| PB 0x0000000084c00000| Untracked 
|  77|0x0000000084d00000, 0x0000000084e00000, 0x0000000084e00000|100%| O|  |TAMS 0x0000000084d00000| PB 0x0000000084d00000| Untracked 
|  78|0x0000000084e00000, 0x0000000084f00000, 0x0000000084f00000|100%| O|  |TAMS 0x0000000084e00000| PB 0x0000000084e00000| Untracked 
|  79|0x0000000084f00000, 0x0000000085000000, 0x0000000085000000|100%| O|  |TAMS 0x0000000084f00000| PB 0x0000000084f00000| Untracked 
|  80|0x0000000085000000, 0x00000000850edf30, 0x0000000085100000| 92%| O|  |TAMS 0x0000000085000000| PB 0x0000000085000000| Untracked 
|  81|0x0000000085100000, 0x0000000085100000, 0x0000000085200000|  0%| F|  |TAMS 0x0000000085100000| PB 0x0000000085100000| Untracked 
|  82|0x0000000085200000, 0x0000000085200000, 0x0000000085300000|  0%| F|  |TAMS 0x0000000085200000| PB 0x0000000085200000| Untracked 
|  83|0x0000000085300000, 0x0000000085300000, 0x0000000085400000|  0%| F|  |TAMS 0x0000000085300000| PB 0x0000000085300000| Untracked 
|  84|0x0000000085400000, 0x0000000085400000, 0x0000000085500000|  0%| F|  |TAMS 0x0000000085400000| PB 0x0000000085400000| Untracked 
|  85|0x0000000085500000, 0x0000000085500000, 0x0000000085600000|  0%| F|  |TAMS 0x0000000085500000| PB 0x0000000085500000| Untracked 
|  86|0x0000000085600000, 0x0000000085600000, 0x0000000085700000|  0%| F|  |TAMS 0x0000000085600000| PB 0x0000000085600000| Untracked 
|  87|0x0000000085700000, 0x0000000085700000, 0x0000000085800000|  0%| F|  |TAMS 0x0000000085700000| PB 0x0000000085700000| Untracked 
|  88|0x0000000085800000, 0x0000000085800000, 0x0000000085900000|  0%| F|  |TAMS 0x0000000085800000| PB 0x0000000085800000| Untracked 
|  89|0x0000000085900000, 0x0000000085900000, 0x0000000085a00000|  0%| F|  |TAMS 0x0000000085900000| PB 0x0000000085900000| Untracked 
|  90|0x0000000085a00000, 0x0000000085b00000, 0x0000000085b00000|100%| S|CS|TAMS 0x0000000085a00000| PB 0x0000000085a00000| Complete 
|  91|0x0000000085b00000, 0x0000000085c00000, 0x0000000085c00000|100%| S|CS|TAMS 0x0000000085b00000| PB 0x0000000085b00000| Complete 
|  92|0x0000000085c00000, 0x0000000085c00000, 0x0000000085d00000|  0%| F|  |TAMS 0x0000000085c00000| PB 0x0000000085c00000| Untracked 
|  93|0x0000000085d00000, 0x0000000085d00000, 0x0000000085e00000|  0%| F|  |TAMS 0x0000000085d00000| PB 0x0000000085d00000| Untracked 
|  94|0x0000000085e00000, 0x0000000085e00000, 0x0000000085f00000|  0%| F|  |TAMS 0x0000000085e00000| PB 0x0000000085e00000| Untracked 
|  95|0x0000000085f00000, 0x0000000085f00000, 0x0000000086000000|  0%| F|  |TAMS 0x0000000085f00000| PB 0x0000000085f00000| Untracked 
|  96|0x0000000086000000, 0x0000000086000000, 0x0000000086100000|  0%| F|  |TAMS 0x0000000086000000| PB 0x0000000086000000| Untracked 
|  97|0x0000000086100000, 0x0000000086100000, 0x0000000086200000|  0%| F|  |TAMS 0x0000000086100000| PB 0x0000000086100000| Untracked 
|  98|0x0000000086200000, 0x0000000086200000, 0x0000000086300000|  0%| F|  |TAMS 0x0000000086200000| PB 0x0000000086200000| Untracked 
|  99|0x0000000086300000, 0x00000000863350e8, 0x0000000086400000| 20%| E|  |TAMS 0x0000000086300000| PB 0x0000000086300000| Complete 
| 100|0x0000000086400000, 0x0000000086500000, 0x0000000086500000|100%| E|CS|TAMS 0x0000000086400000| PB 0x0000000086400000| Complete 
| 101|0x0000000086500000, 0x0000000086600000, 0x0000000086600000|100%| E|CS|TAMS 0x0000000086500000| PB 0x0000000086500000| Complete 
| 102|0x0000000086600000, 0x0000000086700000, 0x0000000086700000|100%| E|CS|TAMS 0x0000000086600000| PB 0x0000000086600000| Complete 
| 103|0x0000000086700000, 0x0000000086800000, 0x0000000086800000|100%| E|CS|TAMS 0x0000000086700000| PB 0x0000000086700000| Complete 
| 104|0x0000000086800000, 0x0000000086900000, 0x0000000086900000|100%| E|CS|TAMS 0x0000000086800000| PB 0x0000000086800000| Complete 
| 105|0x0000000086900000, 0x0000000086a00000, 0x0000000086a00000|100%| E|CS|TAMS 0x0000000086900000| PB 0x0000000086900000| Complete 
| 106|0x0000000086a00000, 0x0000000086b00000, 0x0000000086b00000|100%| E|  |TAMS 0x0000000086a00000| PB 0x0000000086a00000| Complete 
| 107|0x0000000086b00000, 0x0000000086c00000, 0x0000000086c00000|100%| E|CS|TAMS 0x0000000086b00000| PB 0x0000000086b00000| Complete 
| 108|0x0000000086c00000, 0x0000000086d00000, 0x0000000086d00000|100%| E|CS|TAMS 0x0000000086c00000| PB 0x0000000086c00000| Complete 
| 109|0x0000000086d00000, 0x0000000086e00000, 0x0000000086e00000|100%| E|CS|TAMS 0x0000000086d00000| PB 0x0000000086d00000| Complete 
| 110|0x0000000086e00000, 0x0000000086f00000, 0x0000000086f00000|100%| E|CS|TAMS 0x0000000086e00000| PB 0x0000000086e00000| Complete 
| 111|0x0000000086f00000, 0x0000000087000000, 0x0000000087000000|100%| E|CS|TAMS 0x0000000086f00000| PB 0x0000000086f00000| Complete 
| 112|0x0000000087000000, 0x0000000087100000, 0x0000000087100000|100%| E|CS|TAMS 0x0000000087000000| PB 0x0000000087000000| Complete 
| 113|0x0000000087100000, 0x0000000087200000, 0x0000000087200000|100%| E|CS|TAMS 0x0000000087100000| PB 0x0000000087100000| Complete 
| 114|0x0000000087200000, 0x0000000087300000, 0x0000000087300000|100%| E|CS|TAMS 0x0000000087200000| PB 0x0000000087200000| Complete 
| 115|0x0000000087300000, 0x0000000087400000, 0x0000000087400000|100%| E|CS|TAMS 0x0000000087300000| PB 0x0000000087300000| Complete 
| 116|0x0000000087400000, 0x0000000087500000, 0x0000000087500000|100%| E|CS|TAMS 0x0000000087400000| PB 0x0000000087400000| Complete 
| 117|0x0000000087500000, 0x0000000087600000, 0x0000000087600000|100%| E|CS|TAMS 0x0000000087500000| PB 0x0000000087500000| Complete 
| 118|0x0000000087600000, 0x0000000087700000, 0x0000000087700000|100%| E|CS|TAMS 0x0000000087600000| PB 0x0000000087600000| Complete 
| 119|0x0000000087700000, 0x0000000087800000, 0x0000000087800000|100%| E|CS|TAMS 0x0000000087700000| PB 0x0000000087700000| Complete 
| 120|0x0000000087800000, 0x0000000087900000, 0x0000000087900000|100%| E|CS|TAMS 0x0000000087800000| PB 0x0000000087800000| Complete 
| 121|0x0000000087900000, 0x0000000087a00000, 0x0000000087a00000|100%| E|CS|TAMS 0x0000000087900000| PB 0x0000000087900000| Complete 
| 122|0x0000000087a00000, 0x0000000087b00000, 0x0000000087b00000|100%| E|CS|TAMS 0x0000000087a00000| PB 0x0000000087a00000| Complete 
| 123|0x0000000087b00000, 0x0000000087c00000, 0x0000000087c00000|100%| E|CS|TAMS 0x0000000087b00000| PB 0x0000000087b00000| Complete 
| 124|0x0000000087c00000, 0x0000000087d00000, 0x0000000087d00000|100%| E|CS|TAMS 0x0000000087c00000| PB 0x0000000087c00000| Complete 
| 125|0x0000000087d00000, 0x0000000087e00000, 0x0000000087e00000|100%| E|CS|TAMS 0x0000000087d00000| PB 0x0000000087d00000| Complete 
| 126|0x0000000087e00000, 0x0000000087f00000, 0x0000000087f00000|100%| E|CS|TAMS 0x0000000087e00000| PB 0x0000000087e00000| Complete 
| 127|0x0000000087f00000, 0x0000000088000000, 0x0000000088000000|100%| E|CS|TAMS 0x0000000087f00000| PB 0x0000000087f00000| Complete 
| 128|0x0000000088000000, 0x0000000088100000, 0x0000000088100000|100%| E|CS|TAMS 0x0000000088000000| PB 0x0000000088000000| Complete 
| 129|0x0000000088100000, 0x0000000088200000, 0x0000000088200000|100%| E|CS|TAMS 0x0000000088100000| PB 0x0000000088100000| Complete 
| 130|0x0000000088200000, 0x0000000088300000, 0x0000000088300000|100%| E|CS|TAMS 0x0000000088200000| PB 0x0000000088200000| Complete 
| 131|0x0000000088300000, 0x0000000088400000, 0x0000000088400000|100%| E|CS|TAMS 0x0000000088300000| PB 0x0000000088300000| Complete 
| 132|0x0000000088400000, 0x0000000088500000, 0x0000000088500000|100%| E|CS|TAMS 0x0000000088400000| PB 0x0000000088400000| Complete 
| 133|0x0000000088500000, 0x0000000088600000, 0x0000000088600000|100%| E|CS|TAMS 0x0000000088500000| PB 0x0000000088500000| Complete 
| 134|0x0000000088600000, 0x0000000088700000, 0x0000000088700000|100%| E|CS|TAMS 0x0000000088600000| PB 0x0000000088600000| Complete 
| 135|0x0000000088700000, 0x0000000088800000, 0x0000000088800000|100%| E|CS|TAMS 0x0000000088700000| PB 0x0000000088700000| Complete 
| 136|0x0000000088800000, 0x0000000088900000, 0x0000000088900000|100%| E|CS|TAMS 0x0000000088800000| PB 0x0000000088800000| Complete 
| 137|0x0000000088900000, 0x0000000088a00000, 0x0000000088a00000|100%| E|CS|TAMS 0x0000000088900000| PB 0x0000000088900000| Complete 
| 138|0x0000000088a00000, 0x0000000088b00000, 0x0000000088b00000|100%| E|CS|TAMS 0x0000000088a00000| PB 0x0000000088a00000| Complete 
| 139|0x0000000088b00000, 0x0000000088c00000, 0x0000000088c00000|100%| E|CS|TAMS 0x0000000088b00000| PB 0x0000000088b00000| Complete 
| 140|0x0000000088c00000, 0x0000000088d00000, 0x0000000088d00000|100%| E|CS|TAMS 0x0000000088c00000| PB 0x0000000088c00000| Complete 
| 141|0x0000000088d00000, 0x0000000088e00000, 0x0000000088e00000|100%| E|CS|TAMS 0x0000000088d00000| PB 0x0000000088d00000| Complete 
| 142|0x0000000088e00000, 0x0000000088f00000, 0x0000000088f00000|100%| E|CS|TAMS 0x0000000088e00000| PB 0x0000000088e00000| Complete 
| 143|0x0000000088f00000, 0x0000000089000000, 0x0000000089000000|100%| E|CS|TAMS 0x0000000088f00000| PB 0x0000000088f00000| Complete 
| 144|0x0000000089000000, 0x0000000089100000, 0x0000000089100000|100%| E|CS|TAMS 0x0000000089000000| PB 0x0000000089000000| Complete 
| 145|0x0000000089100000, 0x0000000089200000, 0x0000000089200000|100%| E|CS|TAMS 0x0000000089100000| PB 0x0000000089100000| Complete 
| 146|0x0000000089200000, 0x0000000089300000, 0x0000000089300000|100%| E|CS|TAMS 0x0000000089200000| PB 0x0000000089200000| Complete 
| 147|0x0000000089300000, 0x0000000089400000, 0x0000000089400000|100%| E|CS|TAMS 0x0000000089300000| PB 0x0000000089300000| Complete 
| 148|0x0000000089400000, 0x0000000089500000, 0x0000000089500000|100%| E|CS|TAMS 0x0000000089400000| PB 0x0000000089400000| Complete 
| 149|0x0000000089500000, 0x0000000089600000, 0x0000000089600000|100%| E|CS|TAMS 0x0000000089500000| PB 0x0000000089500000| Complete 
| 150|0x0000000089600000, 0x0000000089700000, 0x0000000089700000|100%| E|CS|TAMS 0x0000000089600000| PB 0x0000000089600000| Complete 
| 151|0x0000000089700000, 0x0000000089800000, 0x0000000089800000|100%| E|CS|TAMS 0x0000000089700000| PB 0x0000000089700000| Complete 
| 152|0x0000000089800000, 0x0000000089900000, 0x0000000089900000|100%| E|CS|TAMS 0x0000000089800000| PB 0x0000000089800000| Complete 
| 153|0x0000000089900000, 0x0000000089a00000, 0x0000000089a00000|100%| E|CS|TAMS 0x0000000089900000| PB 0x0000000089900000| Complete 
| 154|0x0000000089a00000, 0x0000000089b00000, 0x0000000089b00000|100%| E|CS|TAMS 0x0000000089a00000| PB 0x0000000089a00000| Complete 
| 155|0x0000000089b00000, 0x0000000089c00000, 0x0000000089c00000|100%| E|CS|TAMS 0x0000000089b00000| PB 0x0000000089b00000| Complete 
| 156|0x0000000089c00000, 0x0000000089d00000, 0x0000000089d00000|100%| E|CS|TAMS 0x0000000089c00000| PB 0x0000000089c00000| Complete 
| 157|0x0000000089d00000, 0x0000000089e00000, 0x0000000089e00000|100%| E|CS|TAMS 0x0000000089d00000| PB 0x0000000089d00000| Complete 
| 158|0x0000000089e00000, 0x0000000089f00000, 0x0000000089f00000|100%| E|CS|TAMS 0x0000000089e00000| PB 0x0000000089e00000| Complete 
| 159|0x0000000089f00000, 0x000000008a000000, 0x000000008a000000|100%| E|CS|TAMS 0x0000000089f00000| PB 0x0000000089f00000| Complete 
| 160|0x000000008a000000, 0x000000008a100000, 0x000000008a100000|100%| E|CS|TAMS 0x000000008a000000| PB 0x000000008a000000| Complete 
| 161|0x000000008a100000, 0x000000008a200000, 0x000000008a200000|100%| E|CS|TAMS 0x000000008a100000| PB 0x000000008a100000| Complete 
| 162|0x000000008a200000, 0x000000008a300000, 0x000000008a300000|100%| E|CS|TAMS 0x000000008a200000| PB 0x000000008a200000| Complete 
| 163|0x000000008a300000, 0x000000008a400000, 0x000000008a400000|100%| E|CS|TAMS 0x000000008a300000| PB 0x000000008a300000| Complete 
| 164|0x000000008a400000, 0x000000008a500000, 0x000000008a500000|100%| E|CS|TAMS 0x000000008a400000| PB 0x000000008a400000| Complete 
| 165|0x000000008a500000, 0x000000008a600000, 0x000000008a600000|100%| E|CS|TAMS 0x000000008a500000| PB 0x000000008a500000| Complete 
| 166|0x000000008a600000, 0x000000008a700000, 0x000000008a700000|100%| E|CS|TAMS 0x000000008a600000| PB 0x000000008a600000| Complete 
| 167|0x000000008a700000, 0x000000008a800000, 0x000000008a800000|100%| E|CS|TAMS 0x000000008a700000| PB 0x000000008a700000| Complete 
| 168|0x000000008a800000, 0x000000008a900000, 0x000000008a900000|100%| E|CS|TAMS 0x000000008a800000| PB 0x000000008a800000| Complete 
| 169|0x000000008a900000, 0x000000008aa00000, 0x000000008aa00000|100%| E|CS|TAMS 0x000000008a900000| PB 0x000000008a900000| Complete 
| 170|0x000000008aa00000, 0x000000008ab00000, 0x000000008ab00000|100%| S|CS|TAMS 0x000000008aa00000| PB 0x000000008aa00000| Complete 
| 171|0x000000008ab00000, 0x000000008ac00000, 0x000000008ac00000|100%| S|CS|TAMS 0x000000008ab00000| PB 0x000000008ab00000| Complete 
| 172|0x000000008ac00000, 0x000000008acee8f0, 0x000000008ad00000| 93%| S|CS|TAMS 0x000000008ac00000| PB 0x000000008ac00000| Complete 
| 488|0x000000009e800000, 0x000000009e900000, 0x000000009e900000|100%| E|CS|TAMS 0x000000009e800000| PB 0x000000009e800000| Complete 
| 489|0x000000009e900000, 0x000000009ea00000, 0x000000009ea00000|100%| E|CS|TAMS 0x000000009e900000| PB 0x000000009e900000| Complete 
| 490|0x000000009ea00000, 0x000000009eb00000, 0x000000009eb00000|100%| E|CS|TAMS 0x000000009ea00000| PB 0x000000009ea00000| Complete 
| 507|0x000000009fb00000, 0x000000009fc00000, 0x000000009fc00000|100%| E|CS|TAMS 0x000000009fb00000| PB 0x000000009fb00000| Complete 

Card table byte_map: [0x000001c1e1cb0000,0x000001c1e20b0000] _byte_map_base: 0x000001c1e18b0000

Marking Bits: (CMBitMap*) 0x000001c1c8f0a470
 Bits: [0x000001c1e20b0000, 0x000001c1e40b0000)

Polling page: 0x000001c1c69e0000

Metaspace:

Usage:
  Non-class:     64.34 MB used.
      Class:     10.86 MB used.
       Both:     75.20 MB used.

Virtual space:
  Non-class space:      128.00 MB reserved,      65.62 MB ( 51%) committed,  2 nodes.
      Class space:        1.00 GB reserved,      12.12 MB (  1%) committed,  1 nodes.
             Both:        1.12 GB reserved,      77.75 MB (  7%) committed. 

Chunk freelists:
   Non-Class:  14.19 MB
       Class:  3.76 MB
        Both:  17.95 MB

MaxMetaspaceSize: unlimited
CompressedClassSpaceSize: 1.00 GB
Initial GC threshold: 21.00 MB
Current GC threshold: 119.94 MB
CDS: on
 - commit_granule_bytes: 65536.
 - commit_granule_words: 8192.
 - virtual_space_node_default_size: 8388608.
 - enlarge_chunks_in_place: 1.
 - use_allocation_guard: 0.


Internal statistics:

num_allocs_failed_limit: 9.
num_arena_births: 4906.
num_arena_deaths: 58.
num_vsnodes_births: 3.
num_vsnodes_deaths: 0.
num_space_committed: 1244.
num_space_uncommitted: 0.
num_chunks_returned_to_freelist: 94.
num_chunks_taken_from_freelist: 9136.
num_chunk_merges: 30.
num_chunk_splits: 5720.
num_chunks_enlarged: 3217.
num_inconsistent_stats: 0.

CodeHeap 'non-profiled nmethods': size=118848Kb used=9165Kb max_used=9165Kb free=109682Kb
 bounds [0x000001c1d9180000, 0x000001c1d9a80000, 0x000001c1e0590000]
CodeHeap 'profiled nmethods': size=118848Kb used=23656Kb max_used=23656Kb free=95191Kb
 bounds [0x000001c1d1590000, 0x000001c1d2cb0000, 0x000001c1d89a0000]
CodeHeap 'non-nmethods': size=8064Kb used=4338Kb max_used=4394Kb free=3725Kb
 bounds [0x000001c1d89a0000, 0x000001c1d8e00000, 0x000001c1d9180000]
 total_blobs=13562 nmethods=12737 adapters=725
 compilation: enabled
              stopped_count=0, restarted_count=0
 full_count=0

Compilation events (20 events):
Event: 19.780 Thread 0x000001c1f52bb3f0 nmethod 14668 0x000001c1d2c94490 code [0x000001c1d2c94620, 0x000001c1d2c94740]
Event: 19.780 Thread 0x000001c1f52b8b10 nmethod 14667 0x000001c1d2c94810 code [0x000001c1d2c949e0, 0x000001c1d2c94d70]
Event: 19.780 Thread 0x000001c1f52b8b10 14669       3       org.gradle.internal.snapshot.AbstractInvalidateChildHandler::<init> (10 bytes)
Event: 19.780 Thread 0x000001c1f52b8b10 nmethod 14669 0x000001c1d2c94e90 code [0x000001c1d2c95040, 0x000001c1d2c951f8]
Event: 19.793 Thread 0x000001c1e7e42f90 14670       3       org.gradle.util.internal.CollectionUtils::addAll (36 bytes)
Event: 19.793 Thread 0x000001c1f52bdcd0 14671       3       org.gradle.api.internal.file.DefaultFileSystemLocation::<init> (10 bytes)
Event: 19.793 Thread 0x000001c1e7e42f90 nmethod 14670 0x000001c1d2c95290 code [0x000001c1d2c95480, 0x000001c1d2c95948]
Event: 19.793 Thread 0x000001c1f52bdcd0 nmethod 14671 0x000001c1d2c95b10 code [0x000001c1d2c95cc0, 0x000001c1d2c95e78]
Event: 19.794 Thread 0x000001c1e7e35110 14672       4       org.gradle.util.internal.GUtil::isTrue (56 bytes)
Event: 19.794 Thread 0x000001c1e7e42f90 14673       3       org.apache.commons.compress.archivers.zip.ZipArchiveOutputStream::writeLocalFileHeader (160 bytes)
Event: 19.794 Thread 0x000001c1f52b8b10 14674       3       org.apache.commons.compress.archivers.zip.ZipArchiveOutputStream::rewriteSizesAndCrc (375 bytes)
Event: 19.794 Thread 0x000001c1f52bdcd0 14675       3       org.apache.commons.compress.archivers.zip.ZipArchiveOutputStream::getName (15 bytes)
Event: 19.794 Thread 0x000001c1f52bdcd0 nmethod 14675 0x000001c1d2c95f10 code [0x000001c1d2c960e0, 0x000001c1d2c96448]
Event: 19.794 Thread 0x000001c1e7e42f90 nmethod 14673 0x000001c1d2c96590 code [0x000001c1d2c96880, 0x000001c1d2c97c70]
Event: 19.794 Thread 0x000001c1e7e35110 nmethod 14672 0x000001c1d9a71e10 code [0x000001c1d9a71fa0, 0x000001c1d9a720b0]
Event: 19.795 Thread 0x000001c1f52b8b10 nmethod 14674 0x000001c1d2c98290 code [0x000001c1d2c987a0, 0x000001c1d2c9b460]
Event: 19.808 Thread 0x000001c1f52b8b10 14676       3       sun.nio.fs.WindowsPathParser::parse (504 bytes)
Event: 19.808 Thread 0x000001c1e7e35110 14677       4       org.apache.commons.compress.archivers.zip.ZipArchiveOutputStream::write (57 bytes)
Event: 19.809 Thread 0x000001c1f52b8b10 nmethod 14676 0x000001c1d2c9c310 code [0x000001c1d2c9cb60, 0x000001c1d2ca15f8]
Event: 19.810 Thread 0x000001c1e7e35110 nmethod 14677 0x000001c1d9a72190 code [0x000001c1d9a72360, 0x000001c1d9a72820]

GC Heap History (20 events):
Event: 4.917 GC heap before
{Heap before GC invocations=10 (full 0):
 garbage-first heap   total 308224K, used 214377K [0x0000000080000000, 0x0000000100000000)
  region size 1024K, 180 young (184320K), 7 survivors (7168K)
 Metaspace       used 57537K, committed 59840K, reserved 1114112K
  class space    used 8435K, committed 9600K, reserved 1048576K
}
Event: 4.924 GC heap after
{Heap after GC invocations=11 (full 0):
 garbage-first heap   total 308224K, used 50614K [0x0000000080000000, 0x0000000100000000)
  region size 1024K, 22 young (22528K), 22 survivors (22528K)
 Metaspace       used 57537K, committed 59840K, reserved 1114112K
  class space    used 8435K, committed 9600K, reserved 1048576K
}
Event: 4.965 GC heap before
{Heap before GC invocations=11 (full 0):
 garbage-first heap   total 308224K, used 56758K [0x0000000080000000, 0x0000000100000000)
  region size 1024K, 29 young (29696K), 22 survivors (22528K)
 Metaspace       used 57818K, committed 60096K, reserved 1114112K
  class space    used 8467K, committed 9600K, reserved 1048576K
}
Event: 4.970 GC heap after
{Heap after GC invocations=12 (full 0):
 garbage-first heap   total 308224K, used 52373K [0x0000000080000000, 0x0000000100000000)
  region size 1024K, 3 young (3072K), 3 survivors (3072K)
 Metaspace       used 57818K, committed 60096K, reserved 1114112K
  class space    used 8467K, committed 9600K, reserved 1048576K
}
Event: 5.746 GC heap before
{Heap before GC invocations=13 (full 0):
 garbage-first heap   total 178176K, used 155797K [0x0000000080000000, 0x0000000100000000)
  region size 1024K, 104 young (106496K), 3 survivors (3072K)
 Metaspace       used 62118K, committed 64640K, reserved 1114112K
  class space    used 9134K, committed 10368K, reserved 1048576K
}
Event: 5.749 GC heap after
{Heap after GC invocations=14 (full 0):
 garbage-first heap   total 178176K, used 65473K [0x0000000080000000, 0x0000000100000000)
  region size 1024K, 13 young (13312K), 13 survivors (13312K)
 Metaspace       used 62118K, committed 64640K, reserved 1114112K
  class space    used 9134K, committed 10368K, reserved 1048576K
}
Event: 7.194 GC heap before
{Heap before GC invocations=14 (full 0):
 garbage-first heap   total 178176K, used 151489K [0x0000000080000000, 0x0000000100000000)
  region size 1024K, 98 young (100352K), 13 survivors (13312K)
 Metaspace       used 67903K, committed 70592K, reserved 1114112K
  class space    used 10050K, committed 11392K, reserved 1048576K
}
Event: 7.199 GC heap after
{Heap after GC invocations=15 (full 0):
 garbage-first heap   total 178176K, used 75838K [0x0000000080000000, 0x0000000100000000)
  region size 1024K, 10 young (10240K), 10 survivors (10240K)
 Metaspace       used 67903K, committed 70592K, reserved 1114112K
  class space    used 10050K, committed 11392K, reserved 1048576K
}
Event: 7.637 GC heap before
{Heap before GC invocations=15 (full 0):
 garbage-first heap   total 178176K, used 153662K [0x0000000080000000, 0x0000000100000000)
  region size 1024K, 87 young (89088K), 10 survivors (10240K)
 Metaspace       used 69713K, committed 72448K, reserved 1114112K
  class space    used 10221K, committed 11584K, reserved 1048576K
}
Event: 7.641 GC heap after
{Heap after GC invocations=16 (full 0):
 garbage-first heap   total 178176K, used 82882K [0x0000000080000000, 0x0000000100000000)
  region size 1024K, 8 young (8192K), 8 survivors (8192K)
 Metaspace       used 69713K, committed 72448K, reserved 1114112K
  class space    used 10221K, committed 11584K, reserved 1048576K
}
Event: 7.727 GC heap before
{Heap before GC invocations=16 (full 0):
 garbage-first heap   total 178176K, used 95170K [0x0000000080000000, 0x0000000100000000)
  region size 1024K, 22 young (22528K), 8 survivors (8192K)
 Metaspace       used 69941K, committed 72640K, reserved 1114112K
  class space    used 10237K, committed 11584K, reserved 1048576K
}
Event: 7.729 GC heap after
{Heap after GC invocations=17 (full 0):
 garbage-first heap   total 178176K, used 83602K [0x0000000080000000, 0x0000000100000000)
  region size 1024K, 2 young (2048K), 2 survivors (2048K)
 Metaspace       used 69941K, committed 72640K, reserved 1114112K
  class space    used 10237K, committed 11584K, reserved 1048576K
}
Event: 8.528 GC heap before
{Heap before GC invocations=18 (full 0):
 garbage-first heap   total 178176K, used 162450K [0x0000000080000000, 0x0000000100000000)
  region size 1024K, 75 young (76800K), 2 survivors (2048K)
 Metaspace       used 70668K, committed 73344K, reserved 1114112K
  class space    used 10293K, committed 11648K, reserved 1048576K
}
Event: 8.529 GC heap after
{Heap after GC invocations=19 (full 0):
 garbage-first heap   total 178176K, used 85473K [0x0000000080000000, 0x0000000100000000)
  region size 1024K, 4 young (4096K), 4 survivors (4096K)
 Metaspace       used 70668K, committed 73344K, reserved 1114112K
  class space    used 10293K, committed 11648K, reserved 1048576K
}
Event: 8.694 GC heap before
{Heap before GC invocations=19 (full 0):
 garbage-first heap   total 178176K, used 160225K [0x0000000080000000, 0x0000000100000000)
  region size 1024K, 77 young (78848K), 4 survivors (4096K)
 Metaspace       used 70668K, committed 73344K, reserved 1114112K
  class space    used 10293K, committed 11648K, reserved 1048576K
}
Event: 8.695 GC heap after
{Heap after GC invocations=20 (full 0):
 garbage-first heap   total 178176K, used 83721K [0x0000000080000000, 0x0000000100000000)
  region size 1024K, 3 young (3072K), 3 survivors (3072K)
 Metaspace       used 70668K, committed 73344K, reserved 1114112K
  class space    used 10293K, committed 11648K, reserved 1048576K
}
Event: 15.071 GC heap before
{Heap before GC invocations=20 (full 0):
 garbage-first heap   total 178176K, used 130825K [0x0000000080000000, 0x0000000100000000)
  region size 1024K, 50 young (51200K), 3 survivors (3072K)
 Metaspace       used 70934K, committed 73600K, reserved 1114112K
  class space    used 10331K, committed 11648K, reserved 1048576K
}
Event: 15.072 GC heap after
{Heap after GC invocations=21 (full 0):
 garbage-first heap   total 178176K, used 83566K [0x0000000080000000, 0x0000000100000000)
  region size 1024K, 3 young (3072K), 3 survivors (3072K)
 Metaspace       used 70934K, committed 73600K, reserved 1114112K
  class space    used 10331K, committed 11648K, reserved 1048576K
}
Event: 17.715 GC heap before
{Heap before GC invocations=22 (full 0):
 garbage-first heap   total 178176K, used 174702K [0x0000000080000000, 0x0000000100000000)
  region size 1024K, 82 young (83968K), 3 survivors (3072K)
 Metaspace       used 71743K, committed 74496K, reserved 1114112K
  class space    used 10413K, committed 11776K, reserved 1048576K
}
Event: 17.717 GC heap after
{Heap after GC invocations=23 (full 0):
 garbage-first heap   total 181248K, used 85874K [0x0000000080000000, 0x0000000100000000)
  region size 1024K, 5 young (5120K), 5 survivors (5120K)
 Metaspace       used 71743K, committed 74496K, reserved 1114112K
  class space    used 10413K, committed 11776K, reserved 1048576K
}

Dll operation events (15 events):
Event: 0.005 Loaded shared library C:\Users\mason\AppData\Local\Programs\Eclipse Adoptium\jdk-21.0.6.7-hotspot\bin\java.dll
Event: 0.024 Loaded shared library C:\Users\mason\AppData\Local\Programs\Eclipse Adoptium\jdk-21.0.6.7-hotspot\bin\jsvml.dll
Event: 0.042 Loaded shared library C:\Users\mason\AppData\Local\Programs\Eclipse Adoptium\jdk-21.0.6.7-hotspot\bin\zip.dll
Event: 0.043 Loaded shared library C:\Users\mason\AppData\Local\Programs\Eclipse Adoptium\jdk-21.0.6.7-hotspot\bin\instrument.dll
Event: 0.046 Loaded shared library C:\Users\mason\AppData\Local\Programs\Eclipse Adoptium\jdk-21.0.6.7-hotspot\bin\net.dll
Event: 0.047 Loaded shared library C:\Users\mason\AppData\Local\Programs\Eclipse Adoptium\jdk-21.0.6.7-hotspot\bin\nio.dll
Event: 0.048 Loaded shared library C:\Users\mason\AppData\Local\Programs\Eclipse Adoptium\jdk-21.0.6.7-hotspot\bin\zip.dll
Event: 0.361 Loaded shared library C:\Users\mason\AppData\Local\Programs\Eclipse Adoptium\jdk-21.0.6.7-hotspot\bin\jimage.dll
Event: 1.072 Loaded shared library C:\Users\mason\AppData\Local\Programs\Eclipse Adoptium\jdk-21.0.6.7-hotspot\bin\verify.dll
Event: 1.095 Loaded shared library C:\Users\mason\.gradle\native\660c5614fbf4a5f2a75b1949f50a0caf5cd603558e7d8a26e50b933a0cfb79d1\windows-amd64\native-platform.dll
Event: 1.130 Loaded shared library C:\Users\mason\.gradle\native\0.2.8\x86_64-windows-gnu\gradle-fileevents.dll
Event: 1.775 Loaded shared library C:\Users\mason\AppData\Local\Programs\Eclipse Adoptium\jdk-21.0.6.7-hotspot\bin\management.dll
Event: 1.776 Loaded shared library C:\Users\mason\AppData\Local\Programs\Eclipse Adoptium\jdk-21.0.6.7-hotspot\bin\management_ext.dll
Event: 1.846 Loaded shared library C:\Users\mason\AppData\Local\Programs\Eclipse Adoptium\jdk-21.0.6.7-hotspot\bin\extnet.dll
Event: 1.952 Loaded shared library C:\Users\mason\AppData\Local\Programs\Eclipse Adoptium\jdk-21.0.6.7-hotspot\bin\sunmscapi.dll

Deoptimization events (20 events):
Event: 19.516 Thread 0x000001c1f4770350 Uncommon trap: trap_request=0xffffffde fr.pc=0x000001c1d996cb78 relative=0x0000000000006c38
Event: 19.516 Thread 0x000001c1f4770350 Uncommon trap: reason=class_check action=maybe_recompile pc=0x000001c1d996cb78 method=org.gradle.api.internal.file.copy.NormalizingCopyActionDecorator.lambda$execute$1(Ljava/util/Set;Lcom/google/common/collect/ListMultimap;Lorg/gradle/api/internal/file/Co
Event: 19.516 Thread 0x000001c1f4770350 DEOPT PACKING pc=0x000001c1d996cb78 sp=0x00000082c1cf8980
Event: 19.516 Thread 0x000001c1f4770350 DEOPT UNPACKING pc=0x000001c1d89f46a2 sp=0x00000082c1cf86d0 mode 2
Event: 19.777 Thread 0x000001c1f0efbc40 Uncommon trap: trap_request=0xffffffd6 fr.pc=0x000001c1d9a5ef24 relative=0x00000000000010c4
Event: 19.777 Thread 0x000001c1f0efbc40 Uncommon trap: reason=array_check action=maybe_recompile pc=0x000001c1d9a5ef24 method=com.google.common.collect.RegularImmutableMap.fromEntryArrayCheckingBucketOverflow(I[Ljava/util/Map$Entry;Z)Lcom/google/common/collect/ImmutableMap; @ 220 c2
Event: 19.777 Thread 0x000001c1f0efbc40 DEOPT PACKING pc=0x000001c1d9a5ef24 sp=0x00000082c8ffe3b0
Event: 19.777 Thread 0x000001c1f0efbc40 DEOPT UNPACKING pc=0x000001c1d89f46a2 sp=0x00000082c8ffe368 mode 2
Event: 19.777 Thread 0x000001c1f0efbc40 Uncommon trap: trap_request=0xffffffd6 fr.pc=0x000001c1d9a5ef24 relative=0x00000000000010c4
Event: 19.777 Thread 0x000001c1f0efbc40 Uncommon trap: reason=array_check action=maybe_recompile pc=0x000001c1d9a5ef24 method=com.google.common.collect.RegularImmutableMap.fromEntryArrayCheckingBucketOverflow(I[Ljava/util/Map$Entry;Z)Lcom/google/common/collect/ImmutableMap; @ 220 c2
Event: 19.777 Thread 0x000001c1f0efbc40 DEOPT PACKING pc=0x000001c1d9a5ef24 sp=0x00000082c8ffe2c0
Event: 19.777 Thread 0x000001c1f0efbc40 DEOPT UNPACKING pc=0x000001c1d89f46a2 sp=0x00000082c8ffe278 mode 2
Event: 19.777 Thread 0x000001c1f0efbc40 Uncommon trap: trap_request=0xffffffd6 fr.pc=0x000001c1d9a5ef24 relative=0x00000000000010c4
Event: 19.777 Thread 0x000001c1f0efbc40 Uncommon trap: reason=array_check action=maybe_recompile pc=0x000001c1d9a5ef24 method=com.google.common.collect.RegularImmutableMap.fromEntryArrayCheckingBucketOverflow(I[Ljava/util/Map$Entry;Z)Lcom/google/common/collect/ImmutableMap; @ 220 c2
Event: 19.777 Thread 0x000001c1f0efbc40 DEOPT PACKING pc=0x000001c1d9a5ef24 sp=0x00000082c8ffe3b0
Event: 19.777 Thread 0x000001c1f0efbc40 DEOPT UNPACKING pc=0x000001c1d89f46a2 sp=0x00000082c8ffe368 mode 2
Event: 19.779 Thread 0x000001c1f4770350 Uncommon trap: trap_request=0xffffffd6 fr.pc=0x000001c1d9a5ef24 relative=0x00000000000010c4
Event: 19.779 Thread 0x000001c1f4770350 Uncommon trap: reason=array_check action=maybe_recompile pc=0x000001c1d9a5ef24 method=com.google.common.collect.RegularImmutableMap.fromEntryArrayCheckingBucketOverflow(I[Ljava/util/Map$Entry;Z)Lcom/google/common/collect/ImmutableMap; @ 220 c2
Event: 19.779 Thread 0x000001c1f4770350 DEOPT PACKING pc=0x000001c1d9a5ef24 sp=0x00000082c1cfb660
Event: 19.779 Thread 0x000001c1f4770350 DEOPT UNPACKING pc=0x000001c1d89f46a2 sp=0x00000082c1cfb618 mode 2

Classes loaded (20 events):
Event: 18.397 Loading class java/io/PrintWriter$1
Event: 18.397 Loading class jdk/internal/access/JavaIOPrintWriterAccess
Event: 18.397 Loading class jdk/internal/access/JavaIOPrintWriterAccess done
Event: 18.397 Loading class java/io/PrintWriter$1 done
Event: 18.398 Loading class java/io/PrintWriterBeanInfo
Event: 18.398 Loading class java/io/PrintWriterBeanInfo done
Event: 18.398 Loading class java/io/PrintWriterBeanInfo
Event: 18.398 Loading class java/io/PrintWriterBeanInfo done
Event: 18.398 Loading class java/io/WriterBeanInfo
Event: 18.398 Loading class java/io/WriterBeanInfo done
Event: 18.399 Loading class java/io/WriterBeanInfo
Event: 18.399 Loading class java/io/WriterBeanInfo done
Event: 18.399 Loading class java/io/WriterCustomizer
Event: 18.399 Loading class java/io/WriterCustomizer done
Event: 18.399 Loading class java/io/WriterCustomizer
Event: 18.399 Loading class java/io/WriterCustomizer done
Event: 18.399 Loading class java/io/PrintWriterCustomizer
Event: 18.399 Loading class java/io/PrintWriterCustomizer done
Event: 18.399 Loading class java/io/PrintWriterCustomizer
Event: 18.399 Loading class java/io/PrintWriterCustomizer done

Classes unloaded (20 events):
Event: 7.750 Thread 0x000001c1e7dfbb00 Unloading class 0x000001c181aeb000 'java/lang/invoke/LambdaForm$MH+0x000001c181aeb000'
Event: 7.750 Thread 0x000001c1e7dfbb00 Unloading class 0x000001c181aeac00 'java/lang/invoke/LambdaForm$MH+0x000001c181aeac00'
Event: 7.750 Thread 0x000001c1e7dfbb00 Unloading class 0x000001c181aea400 'java/lang/invoke/LambdaForm$MH+0x000001c181aea400'
Event: 7.750 Thread 0x000001c1e7dfbb00 Unloading class 0x000001c181aea000 'java/lang/invoke/LambdaForm$MH+0x000001c181aea000'
Event: 7.750 Thread 0x000001c1e7dfbb00 Unloading class 0x000001c181ae9800 'java/lang/invoke/LambdaForm$MH+0x000001c181ae9800'
Event: 7.750 Thread 0x000001c1e7dfbb00 Unloading class 0x000001c181ae9400 'java/lang/invoke/LambdaForm$MH+0x000001c181ae9400'
Event: 7.750 Thread 0x000001c1e7dfbb00 Unloading class 0x000001c181ae8c00 'java/lang/invoke/LambdaForm$MH+0x000001c181ae8c00'
Event: 7.750 Thread 0x000001c1e7dfbb00 Unloading class 0x000001c181ae8800 'java/lang/invoke/LambdaForm$MH+0x000001c181ae8800'
Event: 7.750 Thread 0x000001c1e7dfbb00 Unloading class 0x000001c181ae8000 'java/lang/invoke/LambdaForm$MH+0x000001c181ae8000'
Event: 7.750 Thread 0x000001c1e7dfbb00 Unloading class 0x000001c181ae7c00 'java/lang/invoke/LambdaForm$MH+0x000001c181ae7c00'
Event: 7.750 Thread 0x000001c1e7dfbb00 Unloading class 0x000001c181ae7000 'java/lang/invoke/LambdaForm$MH+0x000001c181ae7000'
Event: 7.750 Thread 0x000001c1e7dfbb00 Unloading class 0x000001c181ae7400 'java/lang/invoke/LambdaForm$MH+0x000001c181ae7400'
Event: 7.750 Thread 0x000001c1e7dfbb00 Unloading class 0x000001c181ae6800 'java/lang/invoke/LambdaForm$MH+0x000001c181ae6800'
Event: 7.750 Thread 0x000001c1e7dfbb00 Unloading class 0x000001c181ae6400 'java/lang/invoke/LambdaForm$MH+0x000001c181ae6400'
Event: 7.750 Thread 0x000001c1e7dfbb00 Unloading class 0x000001c181ae5c00 'java/lang/invoke/LambdaForm$MH+0x000001c181ae5c00'
Event: 7.750 Thread 0x000001c1e7dfbb00 Unloading class 0x000001c181ae5800 'java/lang/invoke/LambdaForm$MH+0x000001c181ae5800'
Event: 7.750 Thread 0x000001c1e7dfbb00 Unloading class 0x000001c181ae5000 'java/lang/invoke/LambdaForm$MH+0x000001c181ae5000'
Event: 7.750 Thread 0x000001c1e7dfbb00 Unloading class 0x000001c181ae4c00 'java/lang/invoke/LambdaForm$MH+0x000001c181ae4c00'
Event: 7.750 Thread 0x000001c1e7dfbb00 Unloading class 0x000001c181ae4400 'java/lang/invoke/LambdaForm$MH+0x000001c181ae4400'
Event: 7.750 Thread 0x000001c1e7dfbb00 Unloading class 0x000001c181ae4000 'java/lang/invoke/LambdaForm$MH+0x000001c181ae4000'

Classes redefined (0 events):
No events

Internal exceptions (20 events):
Event: 15.567 Thread 0x000001c1f4770350 Implicit null exception at 0x000001c1d92bbcfa to 0x000001c1d92bc7b4
Event: 17.657 Thread 0x000001c1f4770350 Implicit null exception at 0x000001c1d93647f5 to 0x000001c1d93653e4
Event: 17.978 Thread 0x000001c1f4770350 Exception <a 'java/lang/ClassNotFoundException'{0x000000008948a6e0}: groovy/lang/GroovyShellBeanInfo> (0x000000008948a6e0) 
thrown [s\src\hotspot\share\classfile\systemDictionary.cpp, line 312]
Event: 17.978 Thread 0x000001c1f4770350 Exception <a 'java/lang/ClassNotFoundException'{0x0000000089496d90}: groovy/lang/GroovyShellCustomizer> (0x0000000089496d90) 
thrown [s\src\hotspot\share\classfile\systemDictionary.cpp, line 312]
Event: 18.396 Thread 0x000001c1f4770350 Exception <a 'java/lang/ClassNotFoundException'{0x0000000086f55210}: SimpleTemplateScript1BeanInfo> (0x0000000086f55210) 
thrown [s\src\hotspot\share\classfile\systemDictionary.cpp, line 312]
Event: 18.396 Thread 0x000001c1f4770350 Exception <a 'java/lang/ClassNotFoundException'{0x0000000086f637f0}: SimpleTemplateScript1Customizer> (0x0000000086f637f0) 
thrown [s\src\hotspot\share\classfile\systemDictionary.cpp, line 312]
Event: 18.397 Thread 0x000001c1f4770350 Exception <a 'java/lang/NoSuchMethodError'{0x0000000086f70ba8}: 'java.lang.Object java.lang.invoke.DirectMethodHandle$Holder.invokeStatic(java.lang.Object, java.lang.Object, java.lang.Object, java.lang.Object, java.lang.Object, int)'> (0x0000000086f70ba8) 
thrown [s\src\hotspot\share\interpreter\linkResolver.cpp, line 773]
Event: 18.397 Thread 0x000001c1f4770350 Exception <a 'java/lang/NoSuchMethodError'{0x0000000086f759e0}: 'java.lang.Object java.lang.invoke.DirectMethodHandle$Holder.invokeSpecial(java.lang.Object, java.lang.Object, java.lang.Object, java.lang.Object, java.lang.Object, java.lang.Object, int)'> (0x0000000086f759e0) 
thrown [s\src\hotspot\share\interpreter\linkResolver.cpp, line 773]
Event: 18.397 Thread 0x000001c1f4770350 Exception <a 'java/lang/NoSuchMethodError'{0x0000000086f79de8}: 'java.lang.Object java.lang.invoke.DelegatingMethodHandle$Holder.reinvoke_L(java.lang.Object, java.lang.Object, java.lang.Object, java.lang.Object, java.lang.Object, int)'> (0x0000000086f79de8) 
thrown [s\src\hotspot\share\interpreter\linkResolver.cpp, line 773]
Event: 18.398 Thread 0x000001c1f4770350 Exception <a 'java/lang/ClassNotFoundException'{0x0000000086faacb8}: java/io/PrintWriterBeanInfo> (0x0000000086faacb8) 
thrown [s\src\hotspot\share\classfile\systemDictionary.cpp, line 312]
Event: 18.399 Thread 0x000001c1f4770350 Exception <a 'java/lang/ClassNotFoundException'{0x0000000086fb28c0}: java/io/WriterBeanInfo> (0x0000000086fb28c0) 
thrown [s\src\hotspot\share\classfile\systemDictionary.cpp, line 312]
Event: 18.399 Thread 0x000001c1f4770350 Exception <a 'java/lang/ClassNotFoundException'{0x0000000086fba640}: java/io/WriterCustomizer> (0x0000000086fba640) 
thrown [s\src\hotspot\share\classfile\systemDictionary.cpp, line 312]
Event: 18.399 Thread 0x000001c1f4770350 Exception <a 'java/lang/ClassNotFoundException'{0x0000000086fcb088}: java/io/PrintWriterCustomizer> (0x0000000086fcb088) 
thrown [s\src\hotspot\share\classfile\systemDictionary.cpp, line 312]
Event: 18.405 Thread 0x000001c1f4770350 Implicit null exception at 0x000001c1d98c08ee to 0x000001c1d98c0988
Event: 18.408 Thread 0x000001c1f4770350 Implicit null exception at 0x000001c1d99ccbdb to 0x000001c1d99cd154
Event: 18.444 Thread 0x000001c1f4770350 Exception <a 'java/lang/ClassNotFoundException'{0x0000000086b5b540}: SimpleTemplateScript2BeanInfo> (0x0000000086b5b540) 
thrown [s\src\hotspot\share\classfile\systemDictionary.cpp, line 312]
Event: 18.444 Thread 0x000001c1f4770350 Exception <a 'java/lang/ClassNotFoundException'{0x0000000086b69b20}: SimpleTemplateScript2Customizer> (0x0000000086b69b20) 
thrown [s\src\hotspot\share\classfile\systemDictionary.cpp, line 312]
Event: 18.449 Thread 0x000001c1f0efbc40 Implicit null exception at 0x000001c1d9634058 to 0x000001c1d9635d24
Event: 18.451 Thread 0x000001c1f4770350 Exception <a 'sun/nio/fs/WindowsException'{0x0000000086beb388}> (0x0000000086beb388) 
thrown [s\src\hotspot\share\prims\jni.cpp, line 520]
Event: 18.452 Thread 0x000001c1f4770350 Exception <a 'sun/nio/fs/WindowsException'{0x0000000086beef10}> (0x0000000086beef10) 
thrown [s\src\hotspot\share\prims\jni.cpp, line 520]

ZGC Phase Switch (0 events):
No events

VM Operations (20 events):
Event: 18.112 Executing VM operation: ICBufferFull
Event: 18.112 Executing VM operation: ICBufferFull done
Event: 18.116 Executing VM operation: HandshakeAllThreads (Deoptimize)
Event: 18.117 Executing VM operation: HandshakeAllThreads (Deoptimize) done
Event: 18.159 Executing VM operation: ICBufferFull
Event: 18.159 Executing VM operation: ICBufferFull done
Event: 18.280 Executing VM operation: HandshakeAllThreads (Deoptimize)
Event: 18.280 Executing VM operation: HandshakeAllThreads (Deoptimize) done
Event: 18.350 Executing VM operation: HandshakeAllThreads (Deoptimize)
Event: 18.350 Executing VM operation: HandshakeAllThreads (Deoptimize) done
Event: 18.362 Executing VM operation: HandshakeAllThreads (Deoptimize)
Event: 18.362 Executing VM operation: HandshakeAllThreads (Deoptimize) done
Event: 18.415 Executing VM operation: ICBufferFull
Event: 18.415 Executing VM operation: ICBufferFull done
Event: 18.479 Executing VM operation: HandshakeAllThreads (Deoptimize)
Event: 18.479 Executing VM operation: HandshakeAllThreads (Deoptimize) done
Event: 18.487 Executing VM operation: HandshakeAllThreads (Deoptimize)
Event: 18.487 Executing VM operation: HandshakeAllThreads (Deoptimize) done
Event: 19.503 Executing VM operation: Cleanup
Event: 19.503 Executing VM operation: Cleanup done

Memory protections (0 events):
No events

Nmethod flushes (20 events):
Event: 15.092 Thread 0x000001c1e7dfbb00 flushing  nmethod 0x000001c1d1764c10
Event: 15.092 Thread 0x000001c1e7dfbb00 flushing  nmethod 0x000001c1d1764f10
Event: 15.092 Thread 0x000001c1e7dfbb00 flushing  nmethod 0x000001c1d1781890
Event: 15.092 Thread 0x000001c1e7dfbb00 flushing  nmethod 0x000001c1d1b2a410
Event: 15.092 Thread 0x000001c1e7dfbb00 flushing  nmethod 0x000001c1d1b2ad90
Event: 15.092 Thread 0x000001c1e7dfbb00 flushing  nmethod 0x000001c1d1b2b810
Event: 15.092 Thread 0x000001c1e7dfbb00 flushing  nmethod 0x000001c1d1b2c590
Event: 15.092 Thread 0x000001c1e7dfbb00 flushing  nmethod 0x000001c1d1b33c90
Event: 15.092 Thread 0x000001c1e7dfbb00 flushing  nmethod 0x000001c1d1f67510
Event: 15.092 Thread 0x000001c1e7dfbb00 flushing  nmethod 0x000001c1d2294810
Event: 15.092 Thread 0x000001c1e7dfbb00 flushing  nmethod 0x000001c1d22c7c90
Event: 15.092 Thread 0x000001c1e7dfbb00 flushing  nmethod 0x000001c1d22c8290
Event: 15.092 Thread 0x000001c1e7dfbb00 flushing  nmethod 0x000001c1d22c8d90
Event: 15.092 Thread 0x000001c1e7dfbb00 flushing  nmethod 0x000001c1d22c9510
Event: 15.092 Thread 0x000001c1e7dfbb00 flushing  nmethod 0x000001c1d22ca690
Event: 15.092 Thread 0x000001c1e7dfbb00 flushing  nmethod 0x000001c1d22cac10
Event: 15.092 Thread 0x000001c1e7dfbb00 flushing  nmethod 0x000001c1d22ffb10
Event: 15.092 Thread 0x000001c1e7dfbb00 flushing  nmethod 0x000001c1d292fd90
Event: 15.092 Thread 0x000001c1e7dfbb00 flushing  nmethod 0x000001c1d294d710
Event: 15.092 Thread 0x000001c1e7dfbb00 flushing  nmethod 0x000001c1d299ef90

Events (20 events):
Event: 17.656 Thread 0x000001c1e7e42f90 Thread added: 0x000001c1f52b9f80
Event: 17.666 Thread 0x000001c1e7e42f90 Thread added: 0x000001c1f52b8b10
Event: 17.678 Thread 0x000001c1f52b8b10 Thread added: 0x000001c1f52bdcd0
Event: 18.127 Thread 0x000001c1e7e42f90 Thread added: 0x000001c1f52bc860
Event: 18.127 Thread 0x000001c1e7e42f90 Thread added: 0x000001c1f52ba650
Event: 18.127 Thread 0x000001c1e7e42f90 Thread added: 0x000001c1f52bea70
Event: 18.134 Thread 0x000001c1e7e42f90 Thread added: 0x000001c1f52bb3f0
Event: 18.134 Thread 0x000001c1f52b8b10 Thread added: 0x000001c1f52bf140
Event: 18.137 Thread 0x000001c1f52bdcd0 Thread added: 0x000001c1f52bf810
Event: 18.208 Thread 0x000001c1f52b8b10 Thread added: 0x000001c1f286f6e0
Event: 18.212 Thread 0x000001c1f52b8b10 Thread added: 0x000001c1f28718f0
Event: 18.250 Thread 0x000001c1f52bb3f0 Thread added: 0x000001c1f286e270
Event: 18.629 Thread 0x000001c1f286e270 Thread exited: 0x000001c1f286e270
Event: 18.629 Thread 0x000001c1f28718f0 Thread exited: 0x000001c1f28718f0
Event: 18.631 Thread 0x000001c1f286f6e0 Thread exited: 0x000001c1f286f6e0
Event: 18.631 Thread 0x000001c1f52bf810 Thread exited: 0x000001c1f52bf810
Event: 18.631 Thread 0x000001c1f52bea70 Thread exited: 0x000001c1f52bea70
Event: 18.687 Thread 0x000001c1f52ba650 Thread exited: 0x000001c1f52ba650
Event: 18.687 Thread 0x000001c1f52bc860 Thread exited: 0x000001c1f52bc860
Event: 18.820 Thread 0x000001c1f52b9f80 Thread exited: 0x000001c1f52b9f80


Dynamic libraries:
0x00007ff602540000 - 0x00007ff60254e000 	C:\Users\mason\AppData\Local\Programs\Eclipse Adoptium\jdk-21.0.6.7-hotspot\bin\java.exe
0x00007ffb32160000 - 0x00007ffb323c7000 	C:\WINDOWS\SYSTEM32\ntdll.dll
0x00007ffb31080000 - 0x00007ffb3114b000 	C:\WINDOWS\System32\KERNEL32.DLL
0x00007ffb2f550000 - 0x00007ffb2f951000 	C:\WINDOWS\System32\KERNELBASE.dll
0x00007ffb2f9f0000 - 0x00007ffb2fb3c000 	C:\WINDOWS\System32\ucrtbase.dll
0x00007ffad1fc0000 - 0x00007ffad1fd8000 	C:\Users\mason\AppData\Local\Programs\Eclipse Adoptium\jdk-21.0.6.7-hotspot\bin\jli.dll
0x00007ffae3e40000 - 0x00007ffae3e5e000 	C:\Users\mason\AppData\Local\Programs\Eclipse Adoptium\jdk-21.0.6.7-hotspot\bin\VCRUNTIME140.dll
0x00007ffb31280000 - 0x00007ffb31457000 	C:\WINDOWS\System32\USER32.dll
0x00007ffb2fce0000 - 0x00007ffb2fd07000 	C:\WINDOWS\System32\win32u.dll
0x00007ffb133c0000 - 0x00007ffb13650000 	C:\WINDOWS\WinSxS\amd64_microsoft.windows.common-controls_6595b64144ccf1df_6.0.26100.9472_none_3e0da410e32f98dd\COMCTL32.dll
0x00007ffb31740000 - 0x00007ffb3176b000 	C:\WINDOWS\System32\GDI32.dll
0x00007ffb31770000 - 0x00007ffb31819000 	C:\WINDOWS\System32\msvcrt.dll
0x00007ffb2f360000 - 0x00007ffb2f488000 	C:\WINDOWS\System32\gdi32full.dll
0x00007ffb2fd10000 - 0x00007ffb2fdb3000 	C:\WINDOWS\System32\msvcp_win.dll
0x00007ffb30df0000 - 0x00007ffb30e21000 	C:\WINDOWS\System32\IMM32.DLL
0x00007ffb01fb0000 - 0x00007ffb01fbc000 	C:\Users\mason\AppData\Local\Programs\Eclipse Adoptium\jdk-21.0.6.7-hotspot\bin\vcruntime140_1.dll
0x00007ffa9b100000 - 0x00007ffa9b18d000 	C:\Users\mason\AppData\Local\Programs\Eclipse Adoptium\jdk-21.0.6.7-hotspot\bin\msvcp140.dll
0x00007ffa0f770000 - 0x00007ffa10500000 	C:\Users\mason\AppData\Local\Programs\Eclipse Adoptium\jdk-21.0.6.7-hotspot\bin\server\jvm.dll
0x00007ffb31fd0000 - 0x00007ffb3208b000 	C:\WINDOWS\System32\ADVAPI32.dll
0x00007ffb30fd0000 - 0x00007ffb31078000 	C:\WINDOWS\System32\sechost.dll
0x00007ffb31560000 - 0x00007ffb31678000 	C:\WINDOWS\System32\RPCRT4.dll
0x00007ffb32090000 - 0x00007ffb32111000 	C:\WINDOWS\System32\WS2_32.dll
0x00007ffb2de60000 - 0x00007ffb2debe000 	C:\WINDOWS\SYSTEM32\POWRPROF.dll
0x00007ffb256c0000 - 0x00007ffb256cb000 	C:\WINDOWS\SYSTEM32\VERSION.dll
0x00007ffb2bae0000 - 0x00007ffb2bb17000 	C:\WINDOWS\SYSTEM32\WINMM.dll
0x00007ffb2de40000 - 0x00007ffb2de55000 	C:\WINDOWS\SYSTEM32\UMPDC.dll
0x00007ffb2e120000 - 0x00007ffb2e13b000 	C:\WINDOWS\SYSTEM32\kernel.appcore.dll
0x00007ffafb3f0000 - 0x00007ffafb3fa000 	C:\Users\mason\AppData\Local\Programs\Eclipse Adoptium\jdk-21.0.6.7-hotspot\bin\jimage.dll
0x00007ffb2c270000 - 0x00007ffb2c4bc000 	C:\WINDOWS\SYSTEM32\DBGHELP.DLL
0x00007ffb308b0000 - 0x00007ffb30c3a000 	C:\WINDOWS\System32\combase.dll
0x00007ffb300e0000 - 0x00007ffb301b9000 	C:\WINDOWS\System32\OLEAUT32.dll
0x00007ffb1eff0000 - 0x00007ffb1f02b000 	C:\WINDOWS\SYSTEM32\dbgcore.DLL
0x00007ffb2fdc0000 - 0x00007ffb2fe6c000 	C:\WINDOWS\System32\bcryptPrimitives.dll
0x00007ffaee480000 - 0x00007ffaee48f000 	C:\Users\mason\AppData\Local\Programs\Eclipse Adoptium\jdk-21.0.6.7-hotspot\bin\instrument.dll
0x00007ffad1b40000 - 0x00007ffad1b5f000 	C:\Users\mason\AppData\Local\Programs\Eclipse Adoptium\jdk-21.0.6.7-hotspot\bin\java.dll
0x00007ffb31820000 - 0x00007ffb31fbe000 	C:\WINDOWS\System32\SHELL32.dll
0x00007ffb2cda0000 - 0x00007ffb2d64d000 	C:\WINDOWS\SYSTEM32\windows.storage.dll
0x00007ffb31150000 - 0x00007ffb3124b000 	C:\WINDOWS\System32\SHCORE.dll
0x00007ffb30060000 - 0x00007ffb300c6000 	C:\WINDOWS\System32\shlwapi.dll
0x00007ffb2f270000 - 0x00007ffb2f299000 	C:\WINDOWS\SYSTEM32\profapi.dll
0x00007ffa9b020000 - 0x00007ffa9b0f7000 	C:\Users\mason\AppData\Local\Programs\Eclipse Adoptium\jdk-21.0.6.7-hotspot\bin\jsvml.dll
0x00007ffad15e0000 - 0x00007ffad15f8000 	C:\Users\mason\AppData\Local\Programs\Eclipse Adoptium\jdk-21.0.6.7-hotspot\bin\zip.dll
0x00007ffae6690000 - 0x00007ffae66a0000 	C:\Users\mason\AppData\Local\Programs\Eclipse Adoptium\jdk-21.0.6.7-hotspot\bin\net.dll
0x00007ffb28950000 - 0x00007ffb28a7a000 	C:\WINDOWS\SYSTEM32\WINHTTP.dll
0x00007ffb2e6e0000 - 0x00007ffb2e74c000 	C:\WINDOWS\system32\mswsock.dll
0x00007ffad1410000 - 0x00007ffad1426000 	C:\Users\mason\AppData\Local\Programs\Eclipse Adoptium\jdk-21.0.6.7-hotspot\bin\nio.dll
0x00007ffad3120000 - 0x00007ffad3130000 	C:\Users\mason\AppData\Local\Programs\Eclipse Adoptium\jdk-21.0.6.7-hotspot\bin\verify.dll
0x00007ffad1600000 - 0x00007ffad1627000 	C:\Users\mason\.gradle\native\660c5614fbf4a5f2a75b1949f50a0caf5cd603558e7d8a26e50b933a0cfb79d1\windows-amd64\native-platform.dll
0x00007ffa9d5e0000 - 0x00007ffa9d657000 	C:\Users\mason\.gradle\native\0.2.8\x86_64-windows-gnu\gradle-fileevents.dll
0x00007ffad15a0000 - 0x00007ffad15aa000 	C:\Users\mason\AppData\Local\Programs\Eclipse Adoptium\jdk-21.0.6.7-hotspot\bin\management.dll
0x00007ffad0890000 - 0x00007ffad089b000 	C:\Users\mason\AppData\Local\Programs\Eclipse Adoptium\jdk-21.0.6.7-hotspot\bin\management_ext.dll
0x00007ffb300d0000 - 0x00007ffb300d8000 	C:\WINDOWS\System32\PSAPI.DLL
0x00007ffb2daf0000 - 0x00007ffb2db23000 	C:\WINDOWS\SYSTEM32\IPHLPAPI.DLL
0x00007ffb30fc0000 - 0x00007ffb30fca000 	C:\WINDOWS\System32\NSI.dll
0x00007ffad0880000 - 0x00007ffad0889000 	C:\Users\mason\AppData\Local\Programs\Eclipse Adoptium\jdk-21.0.6.7-hotspot\bin\extnet.dll
0x00007ffb2e9d0000 - 0x00007ffb2e9eb000 	C:\WINDOWS\SYSTEM32\CRYPTSP.dll
0x00007ffb2e080000 - 0x00007ffb2e0b9000 	C:\WINDOWS\system32\rsaenh.dll
0x00007ffb2e790000 - 0x00007ffb2e7c4000 	C:\WINDOWS\SYSTEM32\USERENV.dll
0x00007ffb2f240000 - 0x00007ffb2f26a000 	C:\WINDOWS\SYSTEM32\bcrypt.dll
0x00007ffb2e9f0000 - 0x00007ffb2e9fc000 	C:\WINDOWS\SYSTEM32\CRYPTBASE.dll
0x00007ffad0870000 - 0x00007ffad087e000 	C:\Users\mason\AppData\Local\Programs\Eclipse Adoptium\jdk-21.0.6.7-hotspot\bin\sunmscapi.dll
0x00007ffb2fb50000 - 0x00007ffb2fccf000 	C:\WINDOWS\System32\CRYPT32.dll
0x00007ffb2ec30000 - 0x00007ffb2ec60000 	C:\WINDOWS\SYSTEM32\ncrypt.dll
0x00007ffb2ebe0000 - 0x00007ffb2ec1f000 	C:\WINDOWS\SYSTEM32\NTASN1.dll
0x00007ffb1a2b0000 - 0x00007ffb1a2b8000 	C:\WINDOWS\system32\wshunix.dll
0x00007ffb2b5a0000 - 0x00007ffb2b63f000 	C:\WINDOWS\system32\apphelp.dll

dbghelp: loaded successfully - version: 4.0.5 - missing functions: none
symbol engine: initialized successfully - sym options: 0x614 - pdb path: .;C:\Users\mason\AppData\Local\Programs\Eclipse Adoptium\jdk-21.0.6.7-hotspot\bin;C:\WINDOWS\SYSTEM32;C:\WINDOWS\WinSxS\amd64_microsoft.windows.common-controls_6595b64144ccf1df_6.0.26100.9472_none_3e0da410e32f98dd;C:\Users\mason\AppData\Local\Programs\Eclipse Adoptium\jdk-21.0.6.7-hotspot\bin\server;C:\Users\mason\.gradle\native\660c5614fbf4a5f2a75b1949f50a0caf5cd603558e7d8a26e50b933a0cfb79d1\windows-amd64;C:\Users\mason\.gradle\native\0.2.8\x86_64-windows-gnu

VM Arguments:
jvm_args: --add-opens=java.base/java.lang=ALL-UNNAMED --add-opens=java.base/java.lang.invoke=ALL-UNNAMED --add-opens=java.base/java.util=ALL-UNNAMED --add-opens=java.prefs/java.util.prefs=ALL-UNNAMED --add-exports=jdk.compiler/com.sun.tools.javac.api=ALL-UNNAMED --add-exports=jdk.compiler/com.sun.tools.javac.util=ALL-UNNAMED --add-opens=java.base/java.nio.charset=ALL-UNNAMED --add-opens=java.base/java.net=ALL-UNNAMED --add-opens=java.base/java.util.concurrent=ALL-UNNAMED --add-opens=java.base/java.util.concurrent.atomic=ALL-UNNAMED --add-opens=java.xml/javax.xml.namespace=ALL-UNNAMED --add-opens=java.base/java.time=ALL-UNNAMED -Xmx2G -Dfile.encoding=UTF-8 -Duser.country=US -Duser.language=en -Duser.variant -javaagent:C:\Users\mason\.gradle\wrapper\dists\gradle-9.7.1-bin\1w1c7tv4s851m17nbqdsro2tv\gradle-9.7.1\lib\agents\gradle-instrumentation-agent-9.7.1.jar 
java_command: org.gradle.launcher.daemon.bootstrap.GradleDaemon 9.7.1
java_class_path (initial): C:\Users\mason\.gradle\wrapper\dists\gradle-9.7.1-bin\1w1c7tv4s851m17nbqdsro2tv\gradle-9.7.1\lib\gradle-daemon-main-9.7.1.jar
Launcher Type: SUN_STANDARD

[Global flags]
     intx CICompilerCount                          = 15                                        {product} {ergonomic}
     uint ConcGCThreads                            = 6                                         {product} {ergonomic}
     uint G1ConcRefinementThreads                  = 23                                        {product} {ergonomic}
   size_t G1HeapRegionSize                         = 1048576                                   {product} {ergonomic}
    uintx GCDrainStackTargetSize                   = 64                                        {product} {ergonomic}
   size_t InitialHeapSize                          = 532676608                                 {product} {ergonomic}
   size_t MarkStackSize                            = 4194304                                   {product} {ergonomic}
   size_t MaxHeapSize                              = 2147483648                                {product} {command line}
   size_t MaxNewSize                               = 1287651328                                {product} {ergonomic}
   size_t MinHeapDeltaBytes                        = 1048576                                   {product} {ergonomic}
   size_t MinHeapSize                              = 8388608                                   {product} {ergonomic}
    uintx NonNMethodCodeHeapSize                   = 8192380                                {pd product} {ergonomic}
    uintx NonProfiledCodeHeapSize                  = 121732930                              {pd product} {ergonomic}
    uintx ProfiledCodeHeapSize                     = 121732930                              {pd product} {ergonomic}
    uintx ReservedCodeCacheSize                    = 251658240                              {pd product} {ergonomic}
     bool SegmentedCodeCache                       = true                                      {product} {ergonomic}
   size_t SoftMaxHeapSize                          = 2147483648                             {manageable} {ergonomic}
     bool UseCompressedOops                        = true                           {product lp64_product} {ergonomic}
     bool UseG1GC                                  = true                                      {product} {ergonomic}
     bool UseLargePagesIndividualAllocation        = false                                  {pd product} {ergonomic}

Logging:
Log output configuration:
 #0: stdout all=warning uptime,level,tags foldmultilines=false
 #1: stderr all=off uptime,level,tags foldmultilines=false

Environment Variables:
JAVA_HOME=C:\Users\mason\AppData\Local\Programs\Eclipse Adoptium\jdk-21.0.6.7-hotspot\
PATH=C:\Program Files\Common Files\Oracle\Java\javapath;C:\Program Files\Microsoft MPI\Bin\;C:\Program Files (x86)\Common Files\Oracle\Java\java8path;C:\Program Files (x86)\Common Files\Oracle\Java\javapath;C:\WINDOWS\system32;C:\WINDOWS;C:\WINDOWS\System32\Wbem;C:\WINDOWS\System32\WindowsPowerShell\v1.0\;C:\WINDOWS\System32\OpenSSH\;C:\Program Files\dotnet\;C:\Program Files\NVIDIA Corporation\NVIDIA app\NvDLISR;C:\Program Files\Git\cmd;C:\Program Files\nodejs\;C:\ProgramData\chocolatey\bin;C:\Program Files (x86)\NVIDIA Corporation\PhysX\Common;%SystemRoot%\system32;%SystemRoot%;%SystemRoot%\System32\Wbem;%SYSTEMROOT%\System32\WindowsPowerShell\v1.0\;%SYSTEMROOT%\System32\OpenSSH\;C:\Users\mason\AppData\Local\Programs\Python\Launcher\;C:\Users\mason\AppData\Local\Programs\Eclipse Adoptium\jdk-21.0.6.7-hotspot\bin;C:\Users\mason\AppData\Local\Microsoft\WindowsApps;C:\Program Files\JetBrains\IntelliJ IDEA 2024.3.1.1\bin;;C:\Program Files\JetBrains\IntelliJ IDEA Community Edition 2024.3.1.1\bin;;C:\Users\mason\AppData\Local\GitHubDesktop\bin;C:\Users\mason\AppData\Roaming\npm;C:\Users\mason\AppData\Local\Programs\Ollama;C:\Users\mason\.dotnet\tools;
USERNAME=mason
OS=Windows_NT
PROCESSOR_IDENTIFIER=Intel64 Family 6 Model 183 Stepping 1, GenuineIntel
TMP=C:\Users\mason\AppData\Local\Temp
TEMP=C:\Users\mason\AppData\Local\Temp




Periodic native trim disabled

---------------  S Y S T E M  ---------------

OS:
 Windows 11 , 64 bit Build 26100 (10.0.26100.9472)
OS uptime: 0 days 8:40 hours
Hyper-V role detected

CPU: total 32 (initial active 32) (16 cores per cpu, 2 threads per core) family 6 model 183 stepping 1 microcode 0x133, cx8, cmov, fxsr, ht, mmx, 3dnowpref, sse, sse2, sse3, ssse3, sse4.1, sse4.2, popcnt, lzcnt, tsc, tscinvbit, avx, avx2, aes, erms, clmul, bmi1, bmi2, adx, sha, fma, vzeroupper, clflush, clflushopt, clwb, hv, serialize, rdtscp, rdpid, fsrm, f16c, cet_ibt, cet_ss
Processor Information for processor 0
  Max Mhz: 2200, Current Mhz: 2200, Mhz Limit: 2200
Processor Information for processor 1
  Max Mhz: 2200, Current Mhz: 2200, Mhz Limit: 2200
Processor Information for processor 2
  Max Mhz: 2200, Current Mhz: 2200, Mhz Limit: 2200
Processor Information for processor 3
  Max Mhz: 2200, Current Mhz: 2200, Mhz Limit: 2200
Processor Information for processor 4
  Max Mhz: 2200, Current Mhz: 2200, Mhz Limit: 2200
Processor Information for processor 5
  Max Mhz: 2200, Current Mhz: 2200, Mhz Limit: 2200
Processor Information for processor 6
  Max Mhz: 2200, Current Mhz: 2200, Mhz Limit: 2200
Processor Information for processor 7
  Max Mhz: 2200, Current Mhz: 2200, Mhz Limit: 2200
Processor Information for processor 8
  Max Mhz: 2200, Current Mhz: 2200, Mhz Limit: 2200
Processor Information for processor 9
  Max Mhz: 2200, Current Mhz: 2200, Mhz Limit: 2200
Processor Information for processor 10
  Max Mhz: 2200, Current Mhz: 2200, Mhz Limit: 2200
Processor Information for processor 11
  Max Mhz: 2200, Current Mhz: 2200, Mhz Limit: 2200
Processor Information for processor 12
  Max Mhz: 2200, Current Mhz: 2200, Mhz Limit: 2200
Processor Information for processor 13
  Max Mhz: 2200, Current Mhz: 2200, Mhz Limit: 2200
Processor Information for processor 14
  Max Mhz: 2200, Current Mhz: 2200, Mhz Limit: 2200
Processor Information for processor 15
  Max Mhz: 2200, Current Mhz: 2200, Mhz Limit: 2200
Processor Information for processor 16
  Max Mhz: 2200, Current Mhz: 1512, Mhz Limit: 2200
Processor Information for processor 17
  Max Mhz: 2200, Current Mhz: 1512, Mhz Limit: 2200
Processor Information for processor 18
  Max Mhz: 2200, Current Mhz: 1512, Mhz Limit: 2200
Processor Information for processor 19
  Max Mhz: 2200, Current Mhz: 1512, Mhz Limit: 2200
Processor Information for processor 20
  Max Mhz: 2200, Current Mhz: 1512, Mhz Limit: 2200
Processor Information for processor 21
  Max Mhz: 2200, Current Mhz: 1512, Mhz Limit: 2200
Processor Information for processor 22
  Max Mhz: 2200, Current Mhz: 1512, Mhz Limit: 2200
Processor Information for processor 23
  Max Mhz: 2200, Current Mhz: 1512, Mhz Limit: 2200
Processor Information for processor 24
  Max Mhz: 2200, Current Mhz: 2200, Mhz Limit: 2200
Processor Information for processor 25
  Max Mhz: 2200, Current Mhz: 1512, Mhz Limit: 2200
Processor Information for processor 26
  Max Mhz: 2200, Current Mhz: 1512, Mhz Limit: 2200
Processor Information for processor 27
  Max Mhz: 2200, Current Mhz: 2200, Mhz Limit: 2200
Processor Information for processor 28
  Max Mhz: 2200, Current Mhz: 1512, Mhz Limit: 2200
Processor Information for processor 29
  Max Mhz: 2200, Current Mhz: 1512, Mhz Limit: 2200
Processor Information for processor 30
  Max Mhz: 2200, Current Mhz: 2200, Mhz Limit: 2200
Processor Information for processor 31
  Max Mhz: 2200, Current Mhz: 1512, Mhz Limit: 2200

Memory: 4k page, system-wide physical 32456M (10747M free)
TotalPageFile size 46280M (AvailPageFile size 19041M)
current process WorkingSet (physical memory assigned to process): 451M, peak: 542M
current process commit charge ("private bytes"): 526M, peak: 758M

vm_info: OpenJDK 64-Bit Server VM (21.0.6+7-LTS) for windows-amd64 JRE (21.0.6+7-LTS), built on 2025-01-21T00:00:00Z by "admin" with MS VC++ 17.7 (VS2022)

END.
